keyword,mcat_name,mcat_id,mcat_accuracy_level
Cooler Motor,Cooler Motor,52897,High
Actuators,Actuators,3148,High
130 Flat Motor,DC Motor,445,Medium
ap fan motor & fresh air moter,Fan Motor,28231,High
a.c. induction motor,AC Induction Motor,21550,High
Siemens Sipart Ps2 Positioner Model 6dr5,Pneumatic Positioner,20641,High
Ac Outdoor Fan Motor,AC Fan Motor,146600,High
siemens-electric-motors,Siemens Electric Motor,184089,High
SIEMENS SIMOTICS S-1FK2  SERVO MOTOR 1FK2104-6AF01-1MB0 1 kW,Siemens Servo Motors,184102,High
yako tech ms s3,AC Servo Motor,14970,Medium
brushless dc motor,Brushless DC Motor,15240,High
ABB Electric Motor,ABB Electric Motor,181114,High
sensor plate,Motor Plate,190101,High
electronic components bo moters,Battery Operated Motor,52893,High
1500 kv ccw multirotor motor,Rotor mounted Motor,36904,High
Panasonic Geared Motor,Panasonic Geared Motor,193206,High
worm geared brake motor,Worm Geared Motor,41500,High
eletical motors 40hp,Electric Motor,1274,High
Rotomotive Induction Motor 3 Phase,Three Phase Induction Motor,131725,High
100 W Chimney Motor,Chimney Motor,446121,High
1 for reselling piece Panasonic Geared Motor,Panasonic Geared Motor,193206,High
Motor Cover,Motor Cover,117875,High
b04420065,Pneumatic Actuators,5084,Medium
1 piece Slip Rings,Slip Rings,37229,High
venex 3 phase dol motor starter,DOL Starter,26266,High
Used Crompton Greaves Motor,Crompton Greaves Motor,126348,High
Mobile Starter Prime,Mobile Starter,161896,High
1kw( 1.3hp) bldc motor,Brushless DC Motor,15240,High
1kw( 1.3hp) bldc motor near jharsuguda,Brushless DC Motor,15240,High
spg motor,Gear Motor,29373,High
crompton greaves motor 5 hp 3.70 kw 3 phase 1450 rpm foot mount,Crompton Greaves Motor,126348,High
Vacuum Cleaner Motors,Vacuum Cleaner Motors,40749,High
Siemens Electric Three Phase Motor,Siemens Electric Motor,184089,High
panasonic gear box MY9G30B,Panasonic Geared Motor,193206,High
Three Phase Dol Starter (elcw-s-digi),DOL Starter,26266,High
Motor Plate,Motor Plate,190101,High
three phase dol dry run motor starter,DOL Starter,26266,High
Single Phase Electric Motor,Single Phase Electric Motor,52927,High
auto switch,Motor Automatic Switch,140407,High
Mdt Knx Actuator Automation Products Dealer,KNX Actuators,653163,High
Three Phase DOL  Auto Switch With Timer With Connector (Rocker Switch),Motor Automatic Switch,140407,High
Hydraulic Motor,Hydraulic Motor,10834,High
sliding door motor,Door Motor,52902,High
solenoid-switches,Solenoid Switches,7646,High
symphony air cooler motor,Cooler Motor,52897,High
PBL Geared Motors,PBL Geared Motors,206096,High
super max oil immersed dol motor starter,DOL Starter,26266,High
Sunflag Table Fan Motor,Fan Motor,28231,High
Industrial Motors,Industrial Motors,52915,High
crompton 3 phase motor 7.5 hp i3,Crompton Greaves Motor,126348,Medium
linear actuator control board,Linear Actuator,32181,High
panasonic gar box,Panasonic Geared Motor,193206,Medium
ड्रोन डीसी मोटर,DC Motor,445,Medium
single phase servo motor,Servo Motor,448,High
single phase mild steel geared motor,Gear Motor,29373,High
Gold Power Single Phase Induction Motor,Single Phase Induction Motor,9483,High
Siemens 3TW72911AW78,Siemens DOL Starter,654653,High
Siemens 3TW72911AW74,Siemens DOL Starter,654653,High
Siemens 3TW72911AW72,Siemens DOL Starter,654653,High
Siemens 3TW72911AW71,Siemens DOL Starter,654653,High
Vertical Hollow Shaft Motor Service,Vertical Hollow Shaft Motor,44655,High
Siemens 3TW72911AW69,Siemens DOL Starter,654653,High
Siemens 3TW72911AW68,Siemens DOL Starter,654653,High
Siemens 3TW72911AW66,Siemens DOL Starter,654653,High
Siemens 3TW72911AW64,Siemens DOL Starter,654653,High
100 HP to 2000 HP  Slip Ring Motor Starter,Slip Ring Starter,149795,High
Crompton Single Phase Electric Motor,Crompton Motors,446133,High
6 for business use piece electronic Valve Positioners,Valve Positioners,40629,High
drondch motor,Electric Motor,1274,High
STP-43D2035 Stepper Motor,Stepper Motor,18794,High
SIEMENS SIMOTICS S-1FK2  SERVO MOTOR 1FK2104-6AF01-1MB0,Siemens Servo Motors,184102,High
Crompton 0.5hp Motor,Crompton Motors,446133,High
Jencode Hollow Shaft Encoder,Hollow Shaft Encoders,30451,High
AC MOTARS,AC Motor,444,High
Hadrulicl Power motar,Hydraulic Motor,10834,High
RC Car Brushless ESC Platinum Edition 120A,Brushless Motors,23616,High
RPG15Q Motor,Air Conditioner Motor,186009,High
Honeywell V4055 Fuild Power Actuator,Fluid Power Actuators,28339,High
servo motor .,Servo Motor,448,High
L & T SOFT STARTOR,Soft Starters,12256,High
775 dc motor,DC Motor,445,High
Brake Motors,Brake Motors,21078,High
1FK2104-6AF01-1MB0,Siemens Servo Motors,184102,High
Electric Motor,Three Phase Electric Motor,52930,Medium
3 phase 415 V 0.09KW Motor,Three Phase Motor,2415,High
crompton motors crompton motor 5 hp single phase near patna,Crompton Motors,446133,High
12v 775 Dc Motor,DC Motor,445,High
Linear Actuator,Linear Actuator,32181,High
Gold Power Single Phase Induction Motor,Single Phase Induction Motor,9483,High
dc motors,DC Motor,445,High
dol starter,DOL Starter,26266,High
Wages Patti,Mixer Grinder Motor,84526,Medium
Lift Motor,Lift Motor,77611,High
0.25HP Single Phase Electric Motor,Single Phase Electric Motor,52927,High
12v dc dual shaft motor,Double Shaft Motor,139590,High
single phase submersible pump starter,Pump Starter,146491,High
Bharat Bijlee Ie3 Motor,Bharat Bijlee AC Motor,203388,High
Crompton Single Phase Vibrator,Single Phase Motors,9484,High
Telescopic Brushes,Telescopic Brush,136910,High
Carbon Brush,Carbon Brush,903,High
electric gate motor,Electric Sliding Gate Motor,52905,High
101-200 KW 1 HP Bharat Bijlee Ac Motor,Bharat Bijlee AC Motor,203388,High
Auto Switch for 3 Phase Motor,Motor Automatic Switch,140407,High
crompton motors crompton motor 5 hp single phase,Crompton Motors,446133,High
Motors,Electric Motor,1274,High
electrical motor,Electric Motor,1274,High
0.37 KW 0.5 HP Bharat Bijlee Electric Motor,Bharat Bijlee AC Motor,203388,High
Three Phase Bharat Bijlee Motor,Bharat Bijlee AC Motor,203388,High
peco pk1 3 phase dol motor starter,DOL Starter,26266,High
Dol Motor Starter Dmc,DOL Starter,26266,High
tower-fan-motor,Tower Fan Motor,443716,High
11 KW 15 HP Crompton Greaves Electric Motor,Crompton Greaves Motor,126348,High
3 Phase Induction Motor,Three Phase Induction Motor,131725,High
Siemens Electric Motor,Siemens Electric Motor,184089,High
3.7 KW 5 HP Crompton Greaves AC motor,Crompton Greaves Motor,126348,High
Crompton,Crompton Greaves Motor,126348,High
Crompton Greaves Industrial Motors,Crompton Greaves Industrial Motors,193884,High
White Motor Starter,Motor Starter,33567,Medium
SIEMENS SIMOTICS S-1FK2 SERVO MOTOR 1FK2106-4AF10-1MA0 2.7 kW,Siemens Servo Motors,184102,High
CG Three Phase Crompton Greaves Flameproof Motor,Flame Proof Motors,21079,High
Makita HR-2440 Armature By PowerSpeed,Armature,25,High
bldc 50w 24v 3000rpm,Brushless DC Motor,15240,High
Mixer Grinder Motor,Mixer Grinder Motor,84526,High
3000 rpm 24 v bldc 50w 24v 3000rpm,Brushless DC Motor,15240,High
three phase 5 ac induction motor piece 10 hp 1440 rpm Three Phase Induction Motor Cg Make 3 HP,Three Phase Induction Motor,131725,High
motor protection cover,Motor Cover,117875,High
Dwe4235 Armature,Armature,25,High
AM Gold Motor Starter,3 Phase Motor Starter,226794,High
R. S. Series Geared Motors,Gear Motor,29373,High
SIEMENS SIMOTICS S-1FK2 SERVO MOTOR 1FK2104-6AF01-1SB0 1 kW,Siemens Servo Motors,184102,High
3000  rpm 24  v 10 bldc 50w 24v 3000rpm,Brushless DC Motor,15240,High
24  v 10 bldc 50w 24v 3000rpm,Brushless DC Motor,15240,High
makita mt240 cb203a cut off carbon brush,Power Tool Carbon Brush,190885,High
2 hp gear motor,Gear Motor,29373,High
Induction Motor Cg Make,Induction Motors,10971,High
Dual shaft Motor,Motor Shaft,43182,High
ac servo motor 750w,AC Servo Motor,14970,High
ats480c66y,Soft Starters,12256,High
Kirloskar Electric Motor,Kirloskar Electric Motor,185261,High
three  phase 1 ATS480C66Y,Schneider Soft Starters,220183,High
l and t mpower pro mobile motor starter,Mobile Starter,161896,High
zd motor 25 w small ac geared motors 220v,AC Geared Motor,21549,High
kitchen hood motor,Chimney Motor,446121,High
kapcon simi cooler motor,Cooler Motor,52897,High
Jayashree Rotory Encoder Hollow Shaft,Hollow Shaft Encoders,30451,High
20w fan dc motor,Fan Motor,28231,High
Wet Rice Grinders AUE Motors,Wet Grinder Motor,188519,High
Electronic Starter,Electronic Starter,27659,High
AC Synchronous Motors,AC Synchronous Motor,45525,High
Jayashree Encoder  : Hollow Shaft  J-50T,Hollow Shaft Encoders,30451,High
Motor,Electric Motor,1274,High
Remi Centrifuge Carbon Brush,Carbon Brush,903,High
High po re,HT Motor,52914,Medium
volvo & ir l&t case vibration motor shaft,Vibration Motor,2743,Medium
Rawat+Induction+Motors,Rawat Induction Motors,213981,High
havells single phase motor,Havells Electric Motor,189725,High
HAVELLS 3 PHASE MOTORSIE2/IE3,Havells Electric Motor,189725,High
DHARMENDRA,Rawat Induction Motors,213981,Medium
vertical helical gear motor 5 hp,Helical Geared Motor,43308,High
Bosch parts,Bosch Motor Parts,206770,High
Panasonic AC Servo Motor,Panasonic AC Servo Motor,187161,High
squirrel-cage-motors,Squirrel Cage Motors,38675,High
Belimo Damper Actuator,Belimo Actuator,189943,High
Squirrel Cage Induction Motor tefc type,Squirrel Cage Motors,38675,High
fn20c motor,Air Conditioner Motor,186009,High
fireproof motor,Flame Proof Motors,21079,High
Minas A6 Panasonic  Servo Motor & Driver,Panasonic AC Servo Motor,187161,High
Planetary Gear Motor,Planetary Gear Motor,153816,High
Squirrel Cage Induction Motor tefc type 415v,Squirrel Cage Motors,38675,High
vertical helical gear motor,Helical Geared Motor,43308,High
2 advanced features 2 10 hp mobile starter,Mobile Starter,161896,High
Helical Geared Motor,Helical Geared Motor,43308,High
dvd motor,DC Motor,445,High
2 hp three phase induction motor,Three Phase Induction Motor,131725,High
Direct oil immersed starter skn Kelson U Kit Set,Oil Starter,142116,High
Rolling Shutter Motor,Rolling Shutter Motor,77612,High
Delton Three Single Phase Oil Starter,Oil Starter,142116,High
Shaft Encoder,Shaft Encoder,44166,High
CTV 110 Unimotion Servo Motor,Servo Motor,448,High
Crompton Single Phase Motor,Crompton Motors,446133,High
crompton single phase cooler motor,Cooler Motor,52897,High
crompton greaves energy efficient motor,Crompton Greaves Motor,126348,High
180 Watt Electro Magnetic Brake Motor,Brake Motors,21078,High
SIEMENS SIMOTICS S-1FK2 SERVO MOTOR 1FK2104-5AK00-0SB0 0.12 kW,Siemens Servo Motors,184102,High
SIEMENS SIMOTICS S-1FK2 SERVO MOTER 1FK2106-4AF10-0SA0 2.7 kW,Siemens Servo Motors,184102,High
Servo Motor,Servo Motor,448,High
copper sewing machine motor armature,Sewing Machine Motor Armature,312874,High
cooler motor high speed,Cooler Motor,52897,High
cooler hee motor,Cooler Motor,52897,High
Kerovit Ege Actuation Plate,Actuators,3148,High
ABB Soft Starters,ABB Soft Starters,220182,High
Bullet Farrata Fan Motor,Fan Motor,28231,Medium
happymodel motor,Mitsubishi Servo Motors,184101,Medium
Double Shaft Motor,Double Shaft Motor,139590,High
incubator turning motor,Electric Motor,1274,High
abb motor,ABB Electric Motor,181114,High
2hp single phase motor cg model gf7010,Single Phase Motors,9484,High
2hp single phase motor near kolkata cg model no gf7010,Single Phase Motors,9484,High
100 HP Slip Ring Motor Starter,Slip Ring Starter,149795,High
battery operated pmdc motor,PMDC Motor,52920,High
Automatic Door Motor,Automatic Door Motor,52891,High
Automatic Rolling Shutters Motor,Rolling Shutter Motor,77612,High
Nxu Gear Brake Motor In Pune,Geared Brake Motors,44652,High
Bosch Carbon Brushes,Bosch Carbon Brushes,204469,High
1 piece 750 watt 3000 rpm AC Servo Motor,AC Servo Motor,14970,High
Arun D O L Motor Starter,DOL Starter,26266,High
v12 mobile starter,Mobile Starter,161896,High
1 hp motor,Electric Motor,1274,High
angle grinder armature,Power Tool Armature,653304,Medium
ola motor,Electric Motor,1274,Medium
altistart 22 soft starters,Schneider Soft Starters,220183,High
tawagawa hollow encoder ts 5700n8500,Hollow Shaft Encoders,30451,High
tawagawa hollow encoder ts-5700n8500,Hollow Shaft Encoders,30451,High
actuator model %3A rr a50 d,Actuators,3148,High
86HS120 Two Phase Stepper Motor,Bipolar Stepper Motors,4423,High
86 HS 65 Two Phase Stepper Motor,Bipolar Stepper Motors,4423,High
Ola motot,Electric Motor,1274,Medium
Swing Gate Motor,Gate Motor,29337,High
COPCARBON BRUSH 25X40X10,Carbon Brush,903,High
DC GEAR MOTOR,DC Geared Motor,25556,High
motor-armature,Motor Armature,167444,High
57 HS 22 Two Phase Stepper Motor,Bipolar Stepper Motors,4423,High
57 HS 13 Two Phase Stepper Motor,Bipolar Stepper Motors,4423,High
57 HS 09 Two Phase Stepper Motor,Bipolar Stepper Motors,4423,High
el%20tech%20motors,Series Motor,52924,Medium
Leadshine ISV5713V36 1000 AC Servo Motor,AC Servo Motor,14970,Medium
PDA Sliding Gate Motor,Electric Sliding Gate Motor,52905,High
42 HS 02 Two Phase Stepper Motor,Stepper Motor,18794,High
Jencoder Hollow Type  Rotary Encoder J-50T,Rotary Encoders,36883,Medium
Inverter Duty Induction Motors,Inverter Duty Motor,131724,High
39 HS 02 Two Phase Stepper Motor,Bipolar Stepper Motors,4423,High
aluminium bell,Bell Housing,136623,Medium
spindle-motors,Spindle Motors,38084,High
Schneider Ats48 Soft Starter Repairs,Schneider Soft Starters,220183,High
Jencoder Rotory Encoder : Hollow Type,Hollow Shaft Encoders,30451,Medium
swing starter,Starters,7853,Medium
Rhino 12V DC 30RPM 70Kgcm IG32 Heavy Duty Planetary Geared Motor,Planetary Gear Motor,153816,High
18 inch g c exhaust fan motor housing,Motor Housings,33555,High
SIEMENS SIMOTICS S-1FK2 SERVO MOTOR 1FK2104-6AF01-1SB0,Siemens Servo Motors,184102,High
12v bldc,Brushless DC Motor,15240,High
1 Inch Kit Cooler Motor,Cooler Motor,52897,High
Jencoder Hollow Shaft Rotary Encoder J-50T,Hollow Shaft Encoders,30451,High
110HS20 Two Phase Stepper Motor,Bipolar Stepper Motors,4423,High
Toothed Belt Axis Egc-tb,Festo Actuators,203380,Medium
lifting-column-actuator,Linear Actuator,32181,High
Electric Rotary Actuators,Electric Rotary Actuators,183590,High
Single Phase Motors,Single Phase Motors,9484,High
AC Servo Motor,AC Servo Motor,14970,High
Unbalance Motors,Vibration Motor,2743,High
Starters,Starters,7853,High
industrial-electric-motor,Industrial Motors,52915,High
siemens motor,Siemens Electric Motor,184089,High
Marsh Actuators,Marsh Actuators,208012,High
Spindle Motors,Spindle Motors,38084,High
carbon brush size: 08 x 20 x 30mm,Carbon Brush,903,High
1FK2104-6AF01-1SB0,Siemens Servo Motors,184102,High
spal blower motor,Blower Motors,23098,High
VDS Automatic Sliding Gate Motor,Electric Sliding Gate Motor,52905,High
BLDC Motor Sa42bld002 - 3000 Rpm 24vdc 52 Watt,Brushless DC Motor,15240,High
Electric Actuator,Electric Actuator,27216,High
Hollow Shaft Rotary Encoder :Jencoder,Hollow Shaft Encoders,30451,High
75 acrylic square 2 x 2 inch piece Photo print Polaroid Fridge Magnets Neodymium Acrylic,DC Motor,445,Medium
double shaft encoder gear motor,Double Shaft Motor,139590,Medium
960 rpm 1 foot mounted 15 hp three phase electric motor,Three Phase Electric Motor,52930,Medium
SIEMENS SIMOTICS S-1FK2 SERVO MOTOR 1FK2104-6AF10-0MB0 1 kW,Siemens Servo Motors,184102,High
Y07-59d1-17155 Stepper Motor,Laser Equipment Parts,80634,High
Schneider Electric BSH0703P11A2A Servo Motor,Servo Motor,448,High
bldc motor,Brushless DC Motor,15240,High
double shaft gear motor,Double Shaft Motor,139590,High
ATS22 Softstarter Repair Service,Starters Repair Service,174217,High
ac bus blower motor 24 v spal,Blower Motors,23098,High
dc motor 8 watt,DC Motor,445,High
crompton-greaves-industrial-motors,Crompton Greaves Industrial Motors,193884,High
bus  ac dual shaft 1330 RPM BLOWER FAN MOTOR,Blower Motors,23098,High
air  conditioning dual shaft 1330 RPM BLOWER FAN MOTOR,Blower Motors,23098,High
Siemens Servo Motors,Siemens Servo Motors,184102,High
Kitchen Chimney Motor,Chimney Motor,446121,High
SIEMENS SIMOTICS S-1FK2 SERVO MOTOR 1FK2106-4AF10-0MA0 2.7 kW,Siemens Servo Motors,184102,High
Slip Ring Motor,Slip Ring Motor,37228,High
Break Motor,Brake Motors,21078,High
3 phase 15hp motor starter,3 Phase Motor Starter,226794,High
DC Carbon,DC Motor Carbon Brushes,133005,High
external motor rotor die casting,Die Cast Rotors,120951,High
c 10 micro 2900 bldc moter,Brushless DC Motor,15240,High
extra power breaker 1 power tool armature,Power Tool Armature,653304,High
Gear Motor,Gear Motor,29373,High
Liquid Resistance Starter,Liquid Resistance Starter,163465,High
a c blower motor spal,Blower Motors,23098,High
1HP Single Phase Godrej Lawkim Foot Mounted,Single Phase Motors,9484,High
Automatic Sliding Gate Motor,Electric Sliding Gate Motor,52905,High
fcma soft starter,Soft Starters,12256,High
three phase 1 mini dol automatic-switch,Motor Automatic Switch,140407,High
push button shutter motor,Rolling Shutter Motor,77612,High
SIEMENS 1LE7501‑1BB23‑5AA4,Siemens Servo Motors,184102,Medium
blower-motors,Blower Motors,23098,High
Servo Motor Repairing Service,Servo Motor Repair,168060,High
Petrosa Starter medium 200 Grams,Dog Food,938,High
automatic switch,Motor Automatic Switch,140407,High
Telescopic Linear Actuators,Linear Actuator,32181,High
speed on  outdoor motar,Air Conditioner Motor,186009,High
Motor Automatic Switch,Motor Automatic Switch,140407,High
speed on outdoor motar,Air Conditioner Motor,186009,High
Crompton Greaves Flameproof IE3 Motor,Crompton Greaves Motor,126348,High
a c blower motor spal 24v,Blower Motors,23098,High
brake motor,Brake Motors,21078,High
star-delta-starter,Star Delta Starter,653300,High
deep vibrator motor,Concrete Vibrator Motor,184082,High
Hydromatik Rexroth A2F-12-Wp6 Hydraulic Piston Motor,Hydraulic Motor,10834,High
vibrator cover,Motor Cover,117875,Medium
Rotork Yt 3300 Smart Positioner,Valve Positioners,40629,High
Concrete Vibrator Motor,Concrete Vibrator Motor,184082,High
blower motors in port blair,Blower Motors,23098,High
Hydromatik A2F-107 Hydraulic Piston Pump Motor,Hydraulic Pump Motor,141877,High
Rexroth A2Fo180,Rexroth Piston Pump,192780,Medium
Brueninghaus Hydromatik Rexroth A2Fm-28/61 Hydraulic Piston Motor,Hydraulic Motor,10834,High
parker hydraulic motor,Hydraulic Motor,10834,High
Kirloskar Three Phase Induction Motor,Three Phase Induction Motor,131725,High
Three Phase Induction Motor,Three Phase Induction Motor,131725,High
Hanning Motor for Bentone Burner,Burner Servo Motors,162318,High
hyundai/kia clutch actuator,Hyundai Car Clutch & Pressure Plate,656114,High
Remi Centrifuge Carbon Brushes,Carbon Brush,903,High
2hp motor,Electric Motor,1274,High
aluminium die cast rotors,Die Cast Rotors,120951,High
bhavani induction motor,Induction Motors,10971,High
DC Motor,DC Motor,445,High
Intermot hydro motors 800cc,Intermot Hydraulic Motor,205463,High
Mobile Starter,Mobile Starter,161896,High
SIEMENS SIMOTICS S-1FK2 SERVO MOTOR 1FK2204-5AK01-0MB0 0.12 kW,Siemens Servo Motors,184102,High
Single Phase Induction Motor,Single Phase Induction Motor,9483,High
5 watts motor rexnord rec-8313-05-a2,AC Motor,444,High
AC Fan Motor,AC Fan Motor,146600,High
helical-geared-motor,Helical Geared Motor,43308,High
three phase electric motor 20 hp 960 rpm,Three Phase Electric Motor,52930,High
three phase electric motor near agra 20 hp 960 rpm,Three Phase Electric Motor,52930,High
gsm mobile starter,Mobile Starter,161896,High
Domestic Appliance Motors,Domestic Appliance Motors,22810,High
schneider soft starter,Schneider Soft Starters,220183,High
Door han,Electric Sliding Gate Motor,52905,Medium
linear-actuators,Linear Actuator,32181,High
Motor Starter,Motor Starter,33567,High
Three Phase Electric Motor,Three Phase Electric Motor,52930,High
l t mpower pro mobile motor starter,Mobile Starter,161896,Medium
Kenstar Air Cooler Motor With Pump,Kenstar Cooler Motor,658622,High
Three Phase Motor,Three Phase Motor,2415,High
Pneumatic Actuators,Pneumatic Actuators,5084,High
Crane Duty Geared Motor With Brake,Geared Brake Motors,44652,High
1000 n (100 kg) 1 100 mm 24 v telescopic linear actuators,Linear Actuator,32181,High
Pneumatic Rotary Actuators,Pneumatic Rotary Actuators,183587,High
Petrosa Starter medium,Starters,7853,Medium
Pneumatic Rotary Actuator,Pneumatic Rotary Actuators,183587,High
Shade Pole Rexnord c Frame Motor Rec-6110-A2,Shaded Pole Motors,36931,High
dc motor bush,DC Brush Motor,25364,Medium
crompton motors 20 hp 3 phase 960 rpm,Crompton Greaves Motor,126348,High
geared motors,Gear Motor,29373,High
ball screw or belt driven actuator,Ball Screw Actuators,22519,High
Die Cast Rotors,Die Cast Rotors,120951,High
Crompton Greaves Motor,Crompton Greaves Motor,126348,High
automation switches,Motor Automatic Switch,140407,High
क्लीनर प्रोडक्ट के लिए केमिकल कहां मिलता है,E-Learning Solution,45998,Medium
Aluminium Bell Housing,Bell Housing,136623,High
crompton motors 20 hp 3 phase near khair 960 rpm,Crompton Greaves Motor,126348,High
SIEMENS 1FL6064-1AC61-2LA1 SIMOTICS S-1FL6-1FL6 Operating voltage 3AC 400 V,Siemens Servo Motors,184102,High
Danfoss/Eaton Char-Lynn 2000 series,Hydraulic Motor,10834,Medium
crompton greaves motors 20 hp 3 phase,Crompton Greaves Motor,126348,High
Landt Motor Starter Mk1 Direct On Line (dol) (mk1 Dol 9-14 A.),DOL Starter,26266,High
fdhhdfh,FHP Motor,446,Medium
SIEMENS SIMOTICS S-1FK2 SERVO MOTOR  1FK2106-4AF01-1SA0 2.7 kW,Siemens Servo Motors,184102,High
Vibration Motor,Vibration Motor,2743,High
Remi Geared Motor,Remi Geared Motor,193182,High
Tata Signa Bs4 Blower Motor,Blower Motors,23098,High
Allen Bradley SMC-3 43A Smart Motor starer,Allen Bradley Soft Starters,220186,High
skill-3220-armature-powerbilt(9683),Power Tool Armature,653304,High
50W Wall Fan Motor,Fan Motor,28231,High
m9mz90g4yga panasonic gear motor /90watt/ three phase,Panasonic Geared Motor,193206,High
ll braider soft starer,Siemens Soft Starters,220184,Medium
kollmorgen servo motors akm63k-anc2r-00,KOLLMORGEN Servo Motors,271284,High
SIEMENS SIMOTICS S-1FK2 SERVO MOTOR 1FK2204-5AK01-1MB0 0.12 kW,Siemens Servo Motors,184102,High
Crane Current Collector Carbon Brush,Crane Current Collector,443328,High
Pneumatic Actuatos,Pneumatic Actuators,5084,High
1440 rpm three phase 9841043643 3 hp crompton greaves motor,Crompton Greaves Motor,126348,High
horse power,FHP Motor,446,High
Terminal plate,Motor Terminal Plate,137749,High
dc brake motors in mumbai,Brake Motors,21078,High
hindustan ac motor,Hindustan AC Motor,203386,High
24 inch three phase 4 exhaust fan fibre,Exhaust Fan Motor,28080,High
panasonic-ac-servo-motor,Panasonic AC Servo Motor,187161,High
three phase 1 piece 5 hp 2800 rpm 3.7 KW 5HP Crompton Greaves Motor 1500 rpm,Crompton Greaves Motor,126348,High
3 Phase Motor Starter,3 Phase Motor Starter,226794,High
0.5 hp motor,Electric Motor,1274,High
ac-fan-motor,AC Fan Motor,146600,High
L&T Mpower Pro Mobile Motor Starter,Mobile Starter,161896,High
linear actuator purlin,Linear Actuator,32181,High
1 piece Allen Bradley Soft Starters,Allen Bradley Soft Starters,220186,High
SIEMENS SIMOTICS S-1FK2 SERVO MOTOR 1FK2210-3AB01-1SB0 4.5 kW,Siemens Servo Motors,184102,High
dg geared motor,Gear Motor,29373,High
Alternator Stator Core,Alternator Stator Core,155572,High
servo motors repairs,Servo Motor Repair,168060,High
Motor Carbon Brushes,Carbon Brush,903,High
Pmdc Stirrer Motor,Stirrer Motor,142027,High
dol-starter,DOL Starter,26266,High
Fan Motor,Fan Motor,28231,High
Three Phase Motors Crompton Greaves,Crompton Greaves Motor,126348,High
TR 7 25x50 Holder,Carbon Brush Holder,55772,Medium
End Shield Cover,Motor Cover,117875,High
three phase 3.7 kw crompton greaves induction motor,Crompton Greaves Motor,126348,Medium
1 for business use piece 22 kw Allen Bradley 150-C43NBD SMC-3 Soft Starter 43A 480V 3-Phase 100-240V AC Control,Allen Bradley Soft Starters,220186,High
3.7 kw crompton greaves induction motor,Crompton Induction Motors,203369,High
Direct On Line Starter DOL Motor Starter (DMC),DOL Starter,26266,High
crompton greaves induction motor,Crompton Induction Motors,203369,High
three phase-motors,Three Phase Motor,2415,High
SIEMENS SIMOTICS S-1FK2 SERVO MOTOR 1FK2104-6AF10-0MB0,Siemens Servo Motors,184102,High
Stators,Stators,7863,High
1 fan motor,Fan Motor,28231,High
Makita MT-958 Armature By PowerSpeed,Armature,25,High
SIEMENS SIMOTICS S-1FK2 SERVO MOTOR 1FK2106-4AF01-1MA0  2.7 kW,Siemens Servo Motors,184102,High
KOLLMORGEN Servo Motors,KOLLMORGEN Servo Motors,271284,High
10 HP Transtech Gear Electric Motor,Electric Gear Motor,52906,High
Hollow Shaft Type Incremental Rotary Encoder,Hollow Shaft Encoders,30451,High
Ti Motion Linear Actuator,Linear Actuator,32181,High
Rhino+12V+DC+30RPM+70Kgcm+IG32+Heavy+Duty+Planetary+Geared+Motor,Planetary Gear Motor,153816,High
1FK2104-6AF10-0MB0,Siemens Servo Motors,184102,High
dual shaft 1330 RPM BLOWER FAN MOTOR,Blower Motors,23098,Medium
Worm Geared Motor,Worm Geared Motor,41500,High
3 Phase Electric Motor,Three Phase Electric Motor,52930,High
linear 1 festo actuators,Festo Actuators,203380,High
FL57BLS01-24V-10000A- Regular BLDC Motor,Brushless DC Motor,15240,High
starter,Starters,7853,High
motor starter controller,Motor Starter,33567,High
EG224 Grade DC Motor Carbon Brush,DC Motor Carbon Brushes,133005,High
mini motors,Electric Motor,1274,High
Air Vane Motor,Air Vane Motor,84523,High
1 HP Impel VGGH25 Electric Motor,Electric Motor,1274,High
dc fan motor 15 20 watt,Fan Motor,28231,High
fan motor 25 30 watt,Fan Motor,28231,High
3-phase-motor-starter,3 Phase Motor Starter,226794,High
Electric Motors and Components,Motor Parts,150022,High
three phase l&t mpower pro mobile motor starter,3 Phase Motor Starter,226794,High
SIEMENS SIMOTICS S-1FK2 SERVO MOTOR 1FK2104-6AF10-0SB0 1 kW,Siemens Servo Motors,184102,High
Motor Terminal Plate,Motor Terminal Plate,137749,High
1 hp bench polisher motor,Polisher Motor,106938,High
Air Conditioner Motor,Air Conditioner Motor,186009,High
partition frames for motor,Traction Motor Frame,117965,High
FL28STH51-0674AF-Hybrid Stepper Motor,Hybrid Stepper Motor,15599,High
Electrical carbon Brushes,Electro Graphite Carbon Brush,133002,High
Vibratory Motor Foot Mounted,Vibration Motor,2743,High
Omp Series Orbital Motors,Orbit Hydraulic Motor,205464,High
Hydraulic Motor bmr,Orbit Hydraulic Motor,205464,High
25 Amp Motor Starter Fresh Material,Motor Starter,33567,High
M S Hydraulic Motor,Hydraulic Motor,10834,High
Jyoti Motor Starter And Starter Oil Set,Oil Starter,142116,High
FL57BL01-24V-1500AD Brushless Motor,Brushless Motors,23616,High
MIG PMDC MOTOR 24V/42V,PMDC Motor,52920,High
500 rpm mig pmdc motor 24v/42v,PMDC Motor,52920,High
2 hp three phase motor,Three Phase Motor,2415,High
Havells Electric Motor,Havells Electric Motor,189725,High
2 200 w chimney motor,Chimney Motor,446121,High
Synchronous Motor,Synchronous Motor,18917,High
FL57BLB60 Regular BLDC Motor,Brushless DC Motor,15240,High
Cooler Motor 7 Sutt,Cooler Motor,52897,High
Vintage Industrial Motor,Industrial Motors,52915,High
fan-motors,Fan Motor,28231,High
mig pmdc motor 24v 42v,PMDC Motor,52920,High
Single Phase AC Synchronous Motor,Single Phase AC Synchronous Motor,19219,High
9607 HB / 9609 HB Makita Armature By PowerSpeed,Armature,25,High
parallel shaft helical geard motor,Helical Geared Motor,43308,High
1 phase electric motor,Single Phase Electric Motor,52927,High
Gsm Mobile Starter Pcb,Mobile Starter,161896,High
shaded pole motors with fan,Shaded Pole Motors,36931,High
Cooler Motor 1 Inch Kit (aluminium),Cooler Motor,52897,High
Autonic Shaft Encoder,Shaft Encoder,44166,High
door-motor,Door Motor,52902,High
200W AC Servo Brake Motor & Drive LSELM1S-0200DH60E-SS,AC Servo Motor,14970,High
65X50X25MM CARBON BRUSH,Carbon Brush,903,High
shaded+pole+motors,Shaded Pole Motors,36931,High
Shaded Pole Motors,Shaded Pole Motors,36931,High
105 Wat Single Phase Cooler Motor,Cooler Motor,52897,High
FL60STH65-2008AF Hybrid Stepper Motor,Hybrid Stepper Motor,15599,High
FL42BLSL01- Regular BLDC Motor,Brushless DC Motor,15240,High
single phase cooler motor,Cooler Motor,52897,High
4000w bldc motor / 4kw bldc motor for electric car / electric motor for gokart,Brushless DC Motor,15240,High
Mitsubishi Servo Motors,Mitsubishi Servo Motors,184101,High
FL42STH60-0854AF- Hybrid Stepper Motor,Hybrid Stepper Motor,15599,High
Single Phase Motor Starter,Single Phase Motor Starter,226793,High
170M7167-6500A,Bussmann Semiconductor Fuses,214428,High
Chimney Motor,Chimney Motor,446121,High
sewing-machine-motor-armature,Sewing Machine Motor Armature,312874,High
amdo cooler motor,Cooler Motor,52897,High
hindustan,Hindustan AC Motor,203386,High
crompton greaves vfdc,Crompton Greaves Motor,126348,High
Carbon Brush Holder,Carbon Brush Holder,55772,High
370W Electric Sliding Gate Motor,Electric Sliding Gate Motor,52905,High
foot cum flange mounted electric motor,Foot Mounted Motor,177266,High
FL42BLSL02- Regular BLDC Motor,Brushless DC Motor,15240,High
Electro Pneumatic Valve Positioner,Electro Pneumatic Valve Positioner,147007,High
DC motor 5.5,DC Motor,445,High
B&R 8BVI0014HWS0.000-1 ACOPOS MULTI INVERTER MODULE I0014S,B&R Servo Motors,442571,Medium
Motor Rotor,Rotor mounted Motor,36904,High
cooler kit motor,Cooler Motor,52897,High
inline helical geared motors,Inline Geared Motor,43309,High
boparai auto switch pro,Automotive Switches,27,High
Carbon brush for AC HT Moter,Carbon Brush,903,High
800 W Wet Dry Vacuum Cleaner Motors,Vacuum Cleaner Motors,40749,High
FL57STH56-2504ACF-25-ARK Hybrid Stepper Motor,Hybrid Stepper Motor,15599,Medium
FL57STH51-2804AF- Hybrid Stepper Motor,Hybrid Stepper Motor,15599,High
90 watt ac geared motor,AC Geared Motor,21549,High
dwe4235 armature near udaipur,Armature,25,High
Electric Motor Starters,Motor Starter,33567,High
ytc make smart positioner,Valve Positioners,40629,High
PowerSpeed Armature For Makita 3501 N,Armature,25,High
arma texture,Armature,25,Medium
Single Phase Copper Slip Ring,Slip Rings,37229,High
Venex Motor Starter,Motor Starter,33567,High
Mobile+Starter+Prime,Mobile Starter,161896,High
havells motor,Havells Electric Motor,189725,High
AC Fail and DC Fail,Brake Motors,21078,Medium
SIEMENS SIMOTICS S-1FK2 SERVO MOTOR 1FK2104-4AK01-0MB0 0.06 kW,Siemens Servo Motors,184102,High
Aluminium Winding Cooler Fan Motor,Cooler Motor,52897,High
FL42STH33-0956AF- Hybrid Stepper Motor,Hybrid Stepper Motor,15599,High
Mk 1 Dol Starter,L&T DOL Starter,654303,High
fhp motors,FHP Motor,446,High
laxmi 3 hp singal fase motors,Single Phase Motors,9484,High
0502 exhaust fan motor,Exhaust Fan Motor,28080,High
dual shaft 1300RPM BLOWER FAN MOTOR,Blower Motors,23098,High
105 W Alqer 16 Inch Super Cooler Motor,Cooler Motor,52897,High
FL60STH65-2804AF Hybrid Stepper Motor,Hybrid Stepper Motor,15599,High
टेक्समो मोटर स्पेयर पार्ट्स,Motor Parts,150022,High
Crompton 2hp Gf6834 Single Phase Electric Motor 1440 Rpm,Crompton Greaves Motor,126348,Medium
Bch Submersible Pump Starters,Pump Starter,146491,High
SIEMENS SIMOTICS S-1FK2 SERVO MOTOR 1FK2104-6AF10-0SB0,Siemens Servo Motors,184102,High
AC Geared Motor,AC Geared Motor,21549,High
Crompton 2hp Gf6834 Single Phase Electric Motor,Crompton Greaves Motor,126348,Medium
SIEMENS SIMOTICS S-1FK2 SERVO MOTOR 1FK2106-4AF01-0SA0 2.7 kW,Siemens Servo Motors,184102,High
Ecoflam Burner Servo Motor,Burner Servo Motors,162318,High
Three Phase Motor,Three Phase Motor,2415,High
VTV YN90-120 Motor,AC Servo Motor,14970,Medium
Electric Motors,Electric Motor,1274,High
induction motor,Induction Motors,10971,High
60W Desert Cooler Motor,Cooler Motor,52897,High
FL42STH47-1684AF-08- Hybrid Stepper Motor,Hybrid Stepper Motor,15599,High
electronic-starter,Electronic Starter,27659,High
FL42STH38-1684AF Hybrid Stepper Motor,Hybrid Stepper Motor,15599,High
Lubi LGH90GF50H15K Gare Motor,Electric Gear Motor,52906,Medium
1FK2104-6AF10-0SB0,Siemens Servo Motors,184102,High
Ml 2 Dol Starter,DOL Starter,26266,High
siemens electric ac motor 75 hp 1440 rpm,Siemens AC Motor,179401,High
Vishal 8al2 Air Cooler Motor,Cooler Motor,52897,High
ELLDO cooler motor,Cooler Motor,52897,High
CP - 101 ACTUATOR,Actuators,3148,High
DZ Gear Motor Brushed DC Motor,DC Brush Motor,25364,High
dual shaft blower fan motor,Blower Motors,23098,High
220 v dual shaft BLOWER FAN MOTOR,Blower Motors,23098,High
220  v 1 dual shaft BLOWER FAN MOTOR,Blower Motors,23098,High
Crompton 2hp Gf6834 Single Phase Electric Motor,Crompton Greaves Motor,126348,Medium
AT12 Single Chain Actuator,Electric Actuator,27216,High
SECO N 24 25 Single Chain Actuator,Electric Actuator,27216,High
Siemens Raja+ Direct On Line Starters,DOL Starter,26266,High
SIEMENS SIMOTICS S-1FK2 SERVO MOTOR 1FK2104-6AF10-1MB0 1 kW,Siemens Servo Motors,184102,High
cg cooler motor,Cooler Motor,52897,High
Makita 9047 Armature By PowerSpeed,Armature,25,High
Electric Motor Housing,Motor Housings,33555,High
Vibro Sifter Vibratory Motors,Vibration Motor,2743,High
FL28STH45-0674A - Hybrid Stepper Motor,Hybrid Stepper Motor,15599,High
Single Phase D.C. Motor,Single Phase Motors,9484,Medium
electric torque,Torque Motor,19705,Medium
Godrej Lawkim Ac Motors,Godrej Lawkim Ac Motors,206364,High
dual shaft FAN MOTOR,AC Fan Motor,146600,Medium
Crompton Electric Motor,Crompton Motors,446133,High
Mini Fan Motor,Fan Motor,28231,High
3d minuture,Internet Security Antivirus Software,206353,Medium
Electric Motor with Gear,Electric Gear Motor,52906,High
FL28STH45-0674AF-14 - Hybrid Stepper Motor,Hybrid Stepper Motor,15599,Medium
mixer-grinder-motor,Mixer Grinder Motor,84526,High
Sew-eurodrive servo Motor cmp50m/pk/vr/rh1m/sm1,Sew Eurodrive Servo Motors,203188,High
Sew-eurodrive,Brake Rectifier,166869,High
vane pneumatic actuator,Pneumatic Actuators,5084,High
Flange Mounted Motor,Flange Motors,6408,High
FL57STH56-2504ACF-25 - Hybrid Stepper Motor,Hybrid Stepper Motor,15599,Medium
FL57STH56-2804AF-01- Hybrid Stepper Motor,Hybrid Stepper Motor,15599,High
MU2 Dol Motor Starter,DOL Starter,26266,High
power tool cm4,Power Tool Carbon Brush,190885,Medium
power tool near delhi cm4,Power Tool Carbon Brush,190885,Medium
crompton-motors,Crompton Motors,446133,High
Voltas AC Outdoor Fan Motor,AC Fan Motor,146600,High
Makita MT-950 Armature By PowerSpeed,Armature,25,High
1500 cfm FAN MOTOR,Exhaust Fan Motor,28080,Medium
230v apex cool 410w exhaust fan motor,Exhaust Fan Motor,28080,High
FL57STH76-2504ACF-ARK Hybrid Stepper Motor,Hybrid Stepper Motor,15599,High
Clogging Test,Clogging Indicator,86235,High
SIEMENS SIMOTICS S-1FK2 SERVO MOTOR 1FK2104-6AF10-1MB0,Siemens Servo Motors,184102,High
crompton motor 1 hp,Crompton Motors,446133,High
crompton motor near tinsukia 1 hp,Crompton Motors,446133,High
motorized pulley drum motor,Drum Motors,26922,High
crompton motor,Crompton Motors,446133,High
Belimo Damper Fire Actuator,Damper Actuators,183591,High
e42 90w 2850/3450rpm motor single phase,Single Phase Motors,9484,High
Slip Ring Assemblies,Slip Ring Assemblies,141589,High
Siemens DOL Starter,Siemens DOL Starter,654653,High
pmdc gear motor 0-25-hp 25-200rpm 12-180volt,PMDC Motor,52920,Medium
Vertical Motors,Vertical Motors,39037,High
PowerSpeed Armature For Makita 9500 NB,Armature,25,High
side shaft gear motor,Gear Motor,29373,High
FEBRICATION BLOWER 1HP SINGLE PHASE,Blower Motors,23098,Medium
a40k/m566w/g7.2 (60 square pl gear),Stepper Motor,18794,High
1400 rpm single phase 230 v flange mounted 230v apex cool 410w exhaust fan motor,Exhaust Fan Motor,28080,High
crompton 10 hp motor,Crompton Motors,446133,High
foot mounting 1 piece 1440 rpm Single Phase Motors,Single Phase Motors,9484,High
ABB Servo Motors,ABB Servo Motors,193698,High
20 HP Three Phase Electric Motor,Three Phase Electric Motor,52930,High
1FK2104-6AF10-1MB0,Siemens Servo Motors,184102,High
SIEMENS SIMOTICS S-1FK2 SERVO MOTOR 1FK2106-4AF01-0MA0 2.7 kW,Siemens Servo Motors,184102,High
mil 37 38 diaphragm actuators,Pneumatic Diaphragm Actuator,183588,High
Petrosa starter mini 1 KG,Motor Starter,33567,High
BRUSHLESS MOTOR DYS 1800KV,Brushless Motors,23616,High
Petrosa starter mini 1KG,Motor Starter,33567,High
Petrosa starter mini 3 KG,Motor Starter,33567,Medium
Petrosa starter mini 3KG,Motor Starter,33567,Medium
Weishaupt Burner Servo Motor,Burner Servo Motors,162318,High
Petrosa starter mini 8 KG,Motor Starter,33567,Medium
Petrosa starter mini 8KG,Motor Starter,33567,Medium
apex cool 410w single phase exhaust fan motor,Exhaust Fan Motor,28080,High
danfoss original brand new h1b80/h1b110 motor,Danfoss Hydraulic Motor,203731,High
3 HP Three Phase Induction Motor 960 Rpm,Three Phase Induction Motor,131725,High
gpn gear motor,Gear Motor,29373,High
Dol Motor Starters,DOL Starter,26266,High
Oil Starter Magnet Call,Oil Starter,142116,High
AC MOTAR,AC Motor,444,High
SIEMENS SIMOTICS S-1FK2 SERVO MOTOR 1FK2204-5AK01-1SB0 0.57 kW,Siemens Servo Motors,184102,High
SIEMENS SIMOTICS S-1FK2 SERVO MOTOR 1FK2104-4AK01-0SB0 0.06 kW,Siemens Servo Motors,184102,High
50HP Abb Electric Motor,ABB Electric Motor,181114,High
10 hp crompton motor,Crompton Motors,446133,High
PowerSpeed Armature for Gsh-500 Bosch,Power Tool Armature,653304,Medium
SIEMENS SINAMICS S200 Servo Motor 1FL2306-4AC01-0HB0 0.1 kW,Siemens Servo Motors,184102,High
helical gear motor,Helical Geared Motor,43308,High
3330601 Cummins Electronic Fuel Control Actuator,Cummins Actuators,444288,High
Stepper Motor,Stepper Motor,18794,High
desert type copper 32 mm 1 cooler motor,Cooler Motor,52897,High
9067/9069 Makita Armature By PowerSpeed,Armature,25,High
1 2 hp 775 12 v rs775 10000rpm 12v dc motor,DC Motor,445,High
5hp 3phase motor,Three Phase Motor,2415,High
Bharat Benz Aluminium Housing,Aluminium Housings,4693,Medium
lubi three phase induction motors,Three Phase Induction Motor,131725,High
Crane Geared Brake Motor,Geared Brake Motors,44652,High
1400 rpm single phase 230 v 230v apex cool 410w single phase exhaust fan motor,Exhaust Fan Motor,28080,High
12v dc motor,DC Motor,445,High
1400 rpm 230 v apex cool 410w single phase exhaust fan motor,Exhaust Fan Motor,28080,High
Suguna Motor Starter,Motor Starter,33567,High
reverse forward 3 phase 20 3 hp starters,3 Phase Motor Starter,226794,High
SIEMENS SIMOTICS S-1FK2 SERVO MOTOR 1FK2210-3AC01-0MB0 5.5 kW,Siemens Servo Motors,184102,High
rexroth servo drive,Servo Drives,20912,High
Valve Positioners,Valve Positioners,40629,High
FOOT Mounted Motor (model Gf 6834),Foot Mounted Motor,177266,High
1400 rpm apex cool 410w single phase exhaust fan motor,Exhaust Fan Motor,28080,High
Motor Stater,Motor Starter,33567,High
Paragon Motor Starter,Motor Starter,33567,High
UR006G XGT Brushless Motor Active Feedback Sensing,Brushless Motors,23616,Medium
schubert and salzer positioner,Valve Positioners,40629,High
polisher-motor,Polisher Motor,106938,High
Electric Vibratory Motor,Vibration Motor,2743,High
Abb Electric Motor 50hp 1500 Rpm,ABB Electric Motor,181114,High
SIEMENS SIMOTICS S-1FK2 1FK2106-4AF11-1SA0  servo motor 2.7 kW,Siemens Servo Motors,184102,High
Siemens Face Mounted Induction Motor,Siemens Induction Motors,203372,High
5 HP Three Phase Motor,Three Phase Motor,2415,High
APEX COOL 410W MOTOR,Cooling Tower Motors,131722,Medium
Motar Starter,Motor Starter,33567,High
Siemens 7.5 KW 2 HP Electric Motor,Siemens Electric Motor,184089,High
Unbalance Vibratory Motors,Vibration Motor,2743,High
Sew Brake Motor,Brake Motors,21078,High
ABB Three Phase Induction Motor,ABB Induction Motor,193239,High
Oriental motor,Electric Motor,1274,High
3 phase auto starter,3 Phase Motor Starter,226794,High
Type 200 17 Inch Copper Exhaust Fan Motor,Exhaust Fan Motor,28080,High
Openable Gate Motor,Gate Motor,29337,High
hollow shaft encoder,Hollow Shaft Encoders,30451,High
pbl-right-angled-helical-bevel-geared-motor,PBL Geared Motors,206096,High
SIEMENS SIMOTICS S-1FK2 SERVO MOTER 1FK2106-4AF00-1MA0 2.7 kW,Siemens Servo Motors,184102,High
SIEMENS SIMOTICS S-1FK2 SERVO MOTOR 1FK2106-4AF00-1SA0  2.7 kW,Siemens Servo Motors,184102,High
Foredom Flex Shaft Motor,Flexible Shaft Motor,189999,High
lift-motor,Lift Motor,77611,High
aira mild steel pneumatic rotary actuator,Pneumatic Rotary Actuators,183587,High
flange type 25 hp motor,Flange Motors,6408,High
3 phase dol motor starter,3 Phase Motor Starter,226794,High
Siemens Three Phase Electric Motor,Siemens Electric Motor,184089,High
Lubi Electrical Motor,Electric Motor,1274,High
Moter stater,Motor Starter,33567,High
HUMSER 12V 10RPM,DC Geared Motor,25556,Medium
geared motor,Gear Motor,29373,High
2285625342 statorhv 2030,Stators,7863,Medium
slipring motor,Slip Ring Motor,37228,High
SIEMENS SIMOTICS S-1FK2 SERVO MOTOR 1FK2204-5AK10-0SB0 0.12 kW,Siemens Servo Motors,184102,High
Kisrloskar Motar,Kirloskar Electric Motor,185261,High
Gate Motor,Gate Motor,29337,High
vibratory motor,Vibration Motor,2743,High
270Hp Siemens Motor,Siemens Electric Motor,184089,High
bft deimos bt a600 gate motor,Gate Motor,29337,High
Panasonic Servo Motor MHMF042L1U2M  400Watt,Panasonic AC Servo Motor,187161,High
3000 rpm Siemens 1FL6062-1AC61-0AA1 Servo Motor,Siemens Servo Motors,184102,High
fv5029 010,Rotary Actuators,36873,Medium
SIEMENS SIMOTICS S-1FK2 SERVO MOTOR 1FK2204-5AK01-0SB0 0.57 kW,Siemens Servo Motors,184102,High
fv5029-010,Rotary Actuators,36873,Medium
DC Motor Carbon Brushes,DC Motor Carbon Brushes,133005,High
Three Phase Dol Motor Starter,DOL Starter,26266,High
three phase 2800 rpm 2 0.25 hp electric vibro motor,Three Phase Electric Motor,52930,High
Motor Encoder,Motor Encoder,166373,High
macwell brand motor,Electric Motor,1274,High
macwel brand motor,Electric Motor,1274,High
gearmoter,Gear Motor,29373,High
3 phase 40 hp oil starter,Oil Starter,142116,High
my cool star,Cooler Motor,52897,Medium
DC Shunt Motor,DC Shunt Motor,190648,High
Cooler Motor 1 Inch,Cooler Motor,52897,High
Stirrer Motor,Stirrer Motor,142027,High
Acurater plate,Actuators,3148,High
Weg- Germany 2880RPM Motor,Weg Motor,657268,High
pump-starter,Pump Starter,146491,High
2283752193 motor6v 20a,Electric Motor,1274,Medium
Fanuc AC Servo Motor 0.35kW 6000 A06B-0115-B103 and Pulsecoder,Fanuc Servo Motor,445329,High
PowerSpeed Armature For 9005 N Makita,Armature,25,High
Crompton Motor 10 HP 960 Rpm,Crompton Motors,446133,High
Blower Motors,Blower Motors,23098,High
three phase 2800 rpm 2 0.25 hp single phase vibro motors,Vibration Motor,2743,Medium
AC Induction Motor,AC Induction Motor,21550,High
Siemens 1440RPM Three Phase Flange Motor,Siemens Electric Motor,184089,High
Havells Induction Motors,Havells Induction Motors,203370,High
cast iron general,Cast Iron,24504,High
AC Motor,AC Motor,444,High
20 hp motor,Electric Motor,1274,High
rs 555 high speed dc motor 5000rpm,High Speed Motor,30367,High
dc ware,DC Motor,445,Medium
ABB 50 HP Three Phase Electric Motors,ABB Electric Motor,181114,High
electric-actuator,Electric Actuator,27216,High
dc 12v gear motor,DC Geared Motor,25556,High
CG make  electric motor,Crompton Greaves Motor,126348,High
1le7501‑1bb23‑5aa4,Siemens Servo Motors,184102,High
brush for electronics,Electric Brushes,108128,Medium
SIEMENS SIMOTICS S-1FK2  SERVO MOTOR 1FK2104-6AF11-0MB0 1 kW,Siemens Servo Motors,184102,High
power-tool-carbon-brush,Power Tool Carbon Brush,190885,High
thrive architect latest version,Electric Motor,1274,Medium
Kirloskar make electric motor,Kirloskar Electric Motor,185261,High
SIMOTICS S synchronous motor 1FK7 1FK7081-3BF71-1RB1,Siemens Servo Motors,184102,Medium
Hindustan Geared Motors,Hindustan AC Motor,203386,Medium
vibro shift motor,Vibration Motor,2743,High
Steper Motor,Stepper Motor,18794,High
bonfiglioli riduttori motor be71-b4 230/400-50 ip55 clf b5,Bonfiglioli Geared Motor,193153,Medium
Stater,Starters,7853,High
Motor 160kw,Electric Motor,1274,High
Bharat Bijlee Electric Motor,Bharat Bijlee AC Motor,203388,High
75 HP Crompton Industrial Motors,Crompton Greaves Industrial Motors,193884,High
Double Motor Vacuum Cleaner,Vacuum Cleaner Motors,40749,Medium
synchronous-motor,Synchronous Motor,18917,High
C Beam Linear Actuator,Linear Actuator,32181,High
Siemens Make Electric Motor,Siemens Electric Motor,184089,High
Abb Make Electric Motor,ABB Electric Motor,181114,High
5r/min 1.5w 50/60hz motor,B&R Servo Motors,442571,Medium
Direct Drive Motor For Juki,Hydraulic Drive Motor,29652,High
5hp flour mill motor,Flour Mill Electric Motor,182597,High
Alternator Carbon Brush,Alternator Carbon Brush,106203,High
5hp motor,Electric Motor,1274,High
Vane Type Hydraulic Motor,Vane Type Hydraulic Motor,19908,High
Crompton Industrial Motors 75 hp,Crompton Greaves Industrial Motors,193884,High
11KW Kirloskar Electric Motor,Kirloskar Electric Motor,185261,High
3 phase 2 piece l&t Motor Starter,3 Phase Motor Starter,226794,High
DOL STRTERS,DOL Starter,26266,High
ng80,Three Phase Motor,2415,Medium
general electric sfk01,General Electric AC Motors,181196,High
Heavy Duty Rotary Air Motor,Air Motors,21680,Medium
ac motor indoor,Air Conditioner Motor,186009,High
SIEMENS SIMOTICS S-1FK2 SERVO MOTOR 1FK2106-4AF00-0SA0 2.7 kW,Siemens Servo Motors,184102,High
dc-motor-spare,DC Motor Spare,188276,High
Motor Parts,Motor Parts,150022,High
वाइब्रो शिफ्ट मोटर,Vibration Motor,2743,High
Marathon Electric Motor,Marathon Electric Motor,181116,High
Shakti Dol Starter,DOL Starter,26266,High
2 HP single phase,Single Phase Motors,9484,High
6ik180gu 240 w motor,AC Geared Motor,21549,High
Telemetry Encoder Unit,Motor Encoder,166373,Medium
dc-geared-motor,DC Geared Motor,25556,High
Motorized Actuators,Motorized Actuators,167393,High
Dc Brake For Electric Motor,Brake Motors,21078,High
desert type aluminum 32 mm 1 inch kit cooler motor,Cooler Motor,52897,High
1.5 kw crompton single phase motor,Single Phase Motors,9484,High
ac motor 20w,AC Motor,444,High
Dc fan motor,Fan Motor,28231,High
ac motor 10w,AC Motor,444,High
10hp motor,Electric Motor,1274,High
6FC5357-0BA11-1AE0,Siemens Servo Motors,184102,Medium
Indigo Self Armature,Self Armature,443618,High
leadshine l7 series servo ac servo motor,AC Servo Motor,14970,High
SIEMENS SIMOTICS S-1FK2 SERVO MOTOR 1FK2204-5AK10-0MB0 0.57 kW,Siemens Servo Motors,184102,High
10m3flow rate 30 mtr headpumpwith motor,Pump Head,137593,Medium
Traction Motor,Lift Motor,77611,High
Leadshine L7 Series 750W AC Servo Motor and Driver Kit,AC Servo Motor,14970,Medium
Dol Motor Starters Paragon,DOL Starter,26266,High
SIEMENS SIMOTICS S-1FK2  SERVO MOTOR 1FK2104-6AF11-0MB0,Siemens Servo Motors,184102,High
3 phase motor start,3 Phase Motor Starter,226794,High
oil-filled 3 hp 25 single phase motor starter,Single Phase Motor Starter,226793,High
SMC Electric Actuator,SMC Actuators,203381,High
1FK2104-6AF11-0MB0,Siemens Servo Motors,184102,High
digital dol starter,DOL Starter,26266,High
Slider Type Electric Actuator,Electric Actuator,27216,High
seedprod latest version,Electric Motor,1274,Medium
Siemens 75 HP Foot Mounted Electric Motors,Siemens Electric Motor,184089,High
Grow art 3 phase hybrid,Hybrid Stepper Motor,15599,Medium
gbru 1 min auto switch,Automotive Switches,27,High
SIEMENS SIMOTICS S-1FK2 SERVO  MOTOR 1FK2106-4AF00-0MA0 2.7 kW,Siemens Servo Motors,184102,High
armature,Armature,25,High
ecma-ca1010ss delta servo motor,Delta Servo Motors,193996,High
table fan motor,Fan Motor,28231,High
20W ALUMINUM HOUSING,Aluminium Housings,4693,High
motor panvel,Electric Motor,1274,High
40 HP  Siemens Electric Motors,Siemens Electric Motor,184089,High
hindustan package,Hindustan AC Motor,203386,High
Electric Sliding Gate Motor,Electric Sliding Gate Motor,52905,High
800 RPM Electric Sliding Gate Motor,Electric Sliding Gate Motor,52905,High
HF-SP152 servo motor mitsubishi,Mitsubishi Servo Motors,184101,High
1000 RPM Electric Sliding Gate Motor,Electric Sliding Gate Motor,52905,High
Gear and Vane Motors,Air Vane Motor,84523,High
high power mini dc water motors project,DC Motor,445,Medium
high power mini dc water motors for project near badlapur,DC Motor,445,Medium
775 dc motor bihpuri,DC Motor,445,High
775 dc motor near agra bichpuri,DC Motor,445,High
24v dc coffee machine motor,Coffee Vending Machine Parts,139261,High
Crompton Geared Motor,Helical Geared Motor,43308,Medium
l&t three phase motor starter,Motor Starter,33567,High
Servo Motor & Variac Motor,Servo Motor,448,High
Siemens Electric Motors 40 Hp,Siemens Electric Motor,184089,High
3 phase motor starter without oil automatic,3 Phase Motor Starter,226794,High
3 phase motor starter near jodhpur without oilautomatic,3 Phase Motor Starter,226794,High
HP400 Siemens Motor,Siemens Electric Motor,184089,High
Flange Motors,Flange Motors,6408,High
Sew Eurodrive CMP50M AC Synchronous Motor,Sew Eurodrive Servo Motors,203188,High
2 hp flange motor,Flange Motors,6408,High
3 phase motor starter oil free automatic,3 Phase Motor Starter,226794,High
3 phase motor starter near jodhpur oil freee automatic,3 Phase Motor Starter,226794,High
ABB MOTOR 200KW 270HP 1500RPM FOOT IE2,ABB Electric Motor,181114,High
bonfiglioli brake motor,Brake Motors,21078,High
1 piece ABB Soft Starters,ABB Soft Starters,220182,High
kenstar desert air cooler motor,Kenstar Air Cooler,178783,Medium
Marathon 1hp motor single phase,Marathon Electric Motor,181116,Medium
Make - Marathon 1hp motor single phase,Single Phase Motors,9484,Medium
Vibro Sifter Motor,Vibration Motor,2743,High
kirloskar electric motor 10 hp 960 rpm,Kirloskar Electric Motor,185261,High
desert cooler motor,Cooler Motor,52897,High
Exhaust Fan Motor,Exhaust Fan Motor,28080,High
nord gearbox spares,Gearbox Parts,11957,High
MGM Varvel Brake Motor,Brake Motors,21078,High
AC Electric Motor,AC Motor,444,High
Motor Starter .,Motor Starter,33567,High
c&s dol starter 15hp,DOL Starter,26266,High
c&s dol starter 15hp near delhi,DOL Starter,26266,High
10w deep freezer motor,Refrigerator Motor,186074,High
bell crack assembly,Bell Housing,136623,Medium
Simensh Hp400 Rpm1440,Siemens Electric Motor,184089,Medium
StarDental Starter,Star Delta Starter,653300,High
Start Dental Starter,Starters,7853,Medium
Explosion Proof Electric Motor,Explosion Proof Motors,28119,High
Industrial dc motor,DC Motor,445,High
High Torque Square Geared Motor,Torque Motor,19705,High
सर्वो मोटर सप्लायर,Servo Motor,448,High
borewell 2h starter,Motor Starter,33567,High
SIEMENS SIMOTICS S-1FK2 SERVO MOTER 1FK2106-3AF11-1SA0 2.3 kW,Siemens Servo Motors,184102,High
Crompton Induction Motors,Crompton Induction Motors,203369,High
nema 17 0.9 degree,Stepper Motor,18794,High
ABB Auto- Lek Ail 94022 A Solenoid Switch,Solenoid Switches,7646,High
Three phase,Three Phase Electric Motor,52930,Medium
nema 17 0.9 degree 22mm lenth,Hybrid Stepper Motor,15599,Medium
New Series Allen Bradley Soft Starter,Allen Bradley Soft Starters,220186,High
1 for business use piece ABB Soft Starters,ABB Soft Starters,220182,High
bolero ac motor,AC Motor,444,High
150c43nbd smc3 soft starter,Allen Bradley Soft Starters,220186,High
lt mk1 dol motor starter,L&T DOL Starter,654303,High
Eaton Orbital Motor,Orbital Motor,52919,High
automatic gate motor,Automatic Door Motor,52891,High
Door Motor .,Door Motor,52902,High
23a paramoon motor starter,3 Phase Motor Starter,226794,High
electrical motor for boats,Electric Motor,1274,High
SIEMENS SIMOTICS S-1FK2  SERVO MOTOR 1FK2104-5AF00-1SB0 0.75 kW,Siemens Servo Motors,184102,High
Absolute Shaft Encoder,Absolute Encoders,21534,High
Permanent Magnet. tech,Permanent Magnet Motor,1275,Medium
INVT Servo Motor,Servo Motor,448,High
1.5 KW Halcyon Three Phase Induction Motor,Three Phase Induction Motor,131725,High
5 sliding piece 800 kg Gate Motor,Electric Sliding Gate Motor,52905,High
Synchronous Transformer,Synchronous Motor,18917,High
FHP Motor,FHP Motor,446,High
5HP Single Phase Buffing Machine Motor,Polisher Motor,106938,High
Motor Brakes,Motor Brakes,33323,High
1hp three phase ac vibration motor,Vibration Motor,2743,High
Explosion Proof Motors,Explosion Proof Motors,28119,High
Aei/Marathon Motor Brush Holder,Carbon Brush Holder,55772,High
75 Hp Induction Motor,Induction Motors,10971,High
Squirrel Cage Motors,Squirrel Cage Motors,38675,High
Pneumatic Diaphragm Actuator,Pneumatic Diaphragm Actuator,183588,High
3 phase motor starter oil free,3 Phase Motor Starter,226794,High
3 phase motor starter near jodhpur oil free,3 Phase Motor Starter,226794,High
12 Inch 3000W Scooter Brushless DC Wheel Hub Motor Controller,Brushless DC Motor,15240,Medium
helical geared motor 2hp,Helical Geared Motor,43308,High
helical geared motor 2hp near hyderabad,Helical Geared Motor,43308,High
deep electricals vibrator motor,Vibration Motor,2743,High
Single Phase Digital Motor Starter,Single Phase Motor Starter,226793,High
motor starter spark,Motor Starter,33567,Medium
Copper Carbon Brush For Slipring Motor,Carbon Brush,903,High
750 rpm 1 0.18 kw marathon electric motor,Marathon Electric Motor,181116,High
Moving Magnetic Linear Motor,Linear Motor,17163,High
Abb Used Ac Motors,ABB Electric Motor,181114,High
5 In 1 Magic Brush,Electric Brushes,108128,High
Bonfiglioli A Series Gear Motor,Bonfiglioli Geared Motor,193153,High
Industrial Electric Motor,Industrial Motors,52915,High
High Speed Motor,High Speed Motor,30367,High
7.5 kw 10 hp havells induction motor,Havells Induction Motors,203370,High
Industrial%20Motors,Industrial Motors,52915,High
Industrial%20Electric Motor,Industrial Motors,52915,High
SIMOTICS 1FK7 1FK7043-4CH7 MOTER 1.2kW,Siemens Servo Motors,184102,High
electric motorized actuator,Motorized Actuators,167393,High
armature of stanley sc-16,Stanley Power Saw,203985,High
high power dc water motors project,DC Motor,445,Medium
high power dc water motors for project near badlapur,DC Motor,445,Medium
150HP 960 RPM ELECTRIC MOTOR,Electric Motor,1274,High
30HP 960 RPM ELECTRIC MOTOR,Electric Motor,1274,High
600 kg sliding gate motor,Electric Sliding Gate Motor,52905,High
75HP Face Mounted Motor Marathon,Face Mounted Motor,145548,High
high power dc motors,DC Motor,445,High
Switch Reluctance Motor,Reluctance Motors,36192,High
Tower Fan Motor,Tower Fan Motor,443716,High
315 KW 1450 RPM ELECTEIC MOTOR,Electric Motor,1274,High
SIMOTICS S synchronous motor 1FK7 1FK7081-3BF71-1QB1,Siemens Synchronous Motor,203373,High
SIMOTICS S synchronous motor 1FK7 1FK7081-3BF71-1RH1,Siemens Synchronous Motor,203373,Medium
three phase 1 piece 1 hp (0.75 kw) 1440 rpm 1.5 KW Sew Brake Motor,Brake Motors,21078,High
3 HP 3 Phase Induction Motor 100%copper Winding,Three Phase Motor,2415,High
Refrigerator Motor,Refrigerator Motor,186074,High
220hp 960 rpm ELECTRIC MOTOR,Electric Motor,1274,High
SIMOTICS S synchronous motor 1FK7- 1FK7103-3BC71-1QA1,Siemens Servo Motors,184102,High
SIMOTICS S Synchronous motor 1FK7 1FK7103-2AC71-1RH1,Siemens Servo Motors,184102,Medium
Face Mounted Motor marathon 75hp,Face Mounted Motor,145548,High
Solenoid Switches,Solenoid Switches,7646,High
Linear Motor,Linear Motor,17163,High
200KW Flange Induction Motor,Three Phase Induction Motor,131725,Medium
valve positioner,Valve Positioners,40629,High
rotex positioner,Electro Pneumatic Valve Positioner,147007,High
AC Slip Ring Induction Motor,Slip Ring Motor,37228,High
4HP Single Phase Electric Motor 220-240V 50-60Hz for Air Compressor,Single Phase Electric Motor,52927,High
Crompton  1.5HP 2800RPM  Foot Mounted Motor,Foot Mounted Motor,177266,High
Vending machine parts geair motor DC,Vending Machine Motor,132955,High
15 hp motor,Electric Motor,1274,High
VSI motor,Diesel Engine,487,Medium
Indo Cooler Motor Silver line,Indo Cooler Motor,658623,High
motor for toto,Electric Motor,1274,High
Motor Lamination V-4,Motor Lamination,33557,High
DANFOSS ACTUATOR AME435,Danfoss Actuators,208001,High
grinding-motor,Grinding Motor,167613,High
50 n 100 mm linear motor,Linear Motor,17163,High
Toy motor 3v,Toy Motor,39979,High
100 mm linear motor,Linear Motor,17163,High
Crompton Greaves 15HP 960RPM  Foot Mounted  Motor,Crompton Greaves Motor,126348,High
Crompton  2HP  2800RPM Flange Floor  Mounted  Motor,Flange Motors,6408,High
solenoid switch parts,Switch Parts,69481,High
Crompton  1 HP Mini Sergeant Motor,Crompton Greaves Motor,126348,High
1450 Rpm 1 Hp Motor Cg Make,Crompton Greaves Motor,126348,High
Motor Lamination V-4,Motor Lamination,33557,High
Crompton  3HP 1440RPM  Foot Cum Flange Motor,Flange Motors,6408,High
Stepper Motor Controller,Stepper Motor Controller,13374,High
kirloskar 10 hp 1440 rpm original motor,Kirloskar Electric Motor,185261,High
Single Phase Flange Mounted,Flange Motors,6408,High
PANASONIC MOTOR,Panasonic AC Motor,206269,High
Worm Gearbox Motors,Worm Geared Motor,41500,High
Piston Nebulizer Motor,Nebulizer Motor,652872,High
Motor Lamination V-6,V6 Submersible Pump,182047,Medium
Crompton 2HP  Flange Mounted  Motor,Flange Motors,6408,High
mgm brake motors,Brake Motors,21078,High
Crompton Single Phase 0.5 HP Flange Motor,Crompton Motors,446133,High
CG Make 1hp 1440 rpm Flange Mounted Brake Motor,Brake Motors,21078,High
200HP Abb Induction Motor,ABB Induction Motor,193239,High
2800 rpm foot mounted abb electric motor,ABB Electric Motor,181114,High
Flameproof Dol Starter,DOL Starter,26266,High
Micromotor,DC Micro Motors,25372,High
75 kw 100 hp induction motor,Induction Motors,10971,High
20hp Abb Induction Motor,ABB Induction Motor,193239,High
0.25 HP 1440RPM  Ft  Single Phase Double Shaft Motor,Double Shaft Motor,139590,High
Non Electric Motor,Electric Motor,1274,High
crompton greaves motor kv ka motor dikhlayiye,Crompton Greaves Motor,126348,High
2800  rpm 4 foot  mounted abb electric motor,ABB Electric Motor,181114,High
2800  rpm 4 abb electric motor,ABB Electric Motor,181114,High
1 HP Texmo Taro Single Phase Motor Starter,Single Phase Motor Starter,226793,High
Nebulizer Compressor Motor,Nebulizer Motor,652872,High
0.75 KW Godrej 1158 1HP Electric Motor,Godrej Lawkim Ac Motors,206364,High
gec 10 hp 960 rpm industrial motors,Industrial Motors,52915,High
Linear Actuator Switch,Actuator Selector Switches,69998,High
730 Frame Slipring Induction Motor,Slip Ring Motor,37228,High
noortepar manufacturing plant,TEFC Motor,2999,Medium
TEFC Motor,TEFC Motor,2999,High
1hp single phase ac motor,Single Phase Motors,9484,High
Motor Lamination V-3 70-41-22,Motor Lamination,33557,High
screed vibrator motor,Vibration Motor,2743,High
godrej lawkim motor lk 4250,HVAC Motors,177394,Medium
Godrej Lawkim Motor LK-4250,Godrej Lawkim Industrial Motors,203174,Medium
ABB 200HP Induction Motor,ABB Induction Motor,193239,High
High Voltage Closed Air Circuit Air Cooled TP Series Vertical Mounting Induction Motors,High Voltage Motor,177165,High
Kenstar Motor Rotor Armature,Motor Armature,167444,High
Fire Safety Solenoid,Shut-Off Valves,1759,Medium
Induction Brake And Motor 3Hp to 100 HP,Brake Motors,21078,High
Printer Solenoid Switch,Solenoid Switches,7646,High
Mini Solenoid Switches,Solenoid Switches,7646,High
