"fk_im_spec_master_desc","fk_im_spec_options_desc"
Usage,Industrial
Shape,Cylinder
Source,Electric
Frame Size,Cylinder
Motor Type,Electric
Power,All type
Application,Regular
Feature,Standard
I Deal In,New Only
Number Of Poles,As per Requirement
Power,As per customer specification
I Deal In,New Only
Features,ALL
Size,ALL
Frame Size,ANY
Size,As per requirement
Dimensions,As per requirement
Motor Voltage,"415+-10%Volts  / 50Hz+-5%"
Power,"5  hp"
Type,Induction Motors
Type,Three Phase Electric Motor
Power,"75 KW"
Power,"5  hp"
Power,"2 hp"
Power,"0.37 KW"
Power,"2 hp"
Phase,Three Phase
Horsepower,"20 HP"
Speed,"3000 rpm"
Voltage,"415 V"
No. of Poles,"4"
Brand,BLUE TON
Phase,Three Phase
Usage/Application,Industrial
Speed,"1440"
Type,AC
No. of Poles,"2"
Phase,Three Phase
Voltage,"415 V"
Voltage,"415"
Mounting Type,Foot
No. of Poles,"4"
Material,Aluminium
Horsepower,"5 HP"
Speed,"750 rpm"
Voltage,"440 V"
Warranty,"1Years"
Number Of Poles,"2"
Surface Treatment,Polished
No. of Poles,"2"
Voltage,"220 V"
Material,Ms
Country of Origin,Made in India
Surface Treatment,Color Coated
Automation Grade,Automatic
Material,MS
Number Of Poles,"2"
Frequency,"50 Hz"
Material,Copper
Power,"2 hp"
Phase,Single Phase
Speed,>14000 RPM
Mounting Type,Vertical
Brand,Crompton and bharatBijlee
Brand,Babbal motors and gajets
Phase,"3 PHASE"
Mounting Type,FOOT/FLANGE
Power,"10-100 KW"
Voltage,"220"
Mounting Type,Foot & flange  mounting
Speed,<2000 RPM
Power,"10-100 KW"
Phase,"3 phase"
Power,"0.75 KW"
Type,Copper Motor
Speed,"1440 RPM"
Voltage,"440"
Horsepower,"2 HP"
Voltage,"220 V"
Mounting Type,Foot
Power,"0.37 kW- 325 kW"
Ambient Temperature,"45 Degree celsius"
Power,"10-100 KW"
Speed,"2000-6000 RPM"
Phase,Three Phase
Brand,PBL AND SHANTHI
Material,Cast Iron Casing
Mounting Type,Any Mounting
Usage/Application,Pouch Packing Machine
Power,"0.18 KW to 90 KW"
Voltage,"415 V"
Speed,<2000 RPM
Phase,Three Phase
Voltage,"415-440"
Voltage,"23OV,415V,DC VOLTAGE ALSO"
Brand,Bharat bijlee
Mounting Type,Foot or flange
Speed,<2000 RPM
Phase,"3 phase"
Voltage,"230 V"
Power,"3 kW"
Phase,Single Phase
Speed,<2000 RPM
Brand,TAIYO ELECTRIC.MFG.CO.PVT LTD
Phase,"3 phase"
Speed,<2000 RPM
Material,Stainless Steel
Speed,All
Brand,oxford
Phase,Three Phase
Speed,<2000 RPM
Speed,"2000-6000 RPM"
Speed,"0.1 rpm to 400 rpm"
Phase,"3"
Power,"500kw"
Voltage,"440v"
Power,"5-10 hp"
Power,"5-10 HP"
Speed,"10001-14000 RPM"
Power,<10 KW
Phase,"3"
Brand,Schneider Electric
Speed,"2000-6000 RPM"
Power,"10-100 KW"
Power,<10 KW
Power,>300 KW
Phase,Three Phase
Brand,Other
Vehicle Model,"4"
Power,"201-300 KW"
Voltage,"220/440"
Ambient Temperature,No idea
Voltage,All
Power,All
Speed,"1440 rpm"
Type,Copper Motor
Phase,"3"
Speed,"500.1500"
Speed,"2000-6000 RPM"
Brand,Analysis
Phase,Single Phase
Mounting Type,"foot,flange"
Voltage,"415 volt"
Speed,<2000 RPM
Phase,"3 phase"
Brand,Crompton
Speed,"1400 RPM"
Frame Size,All Size avaliavle
Number Of Poles,"2"
Frequency,"50Hz"
Frequency,"50 hz"
Usage/Application,Industrial
Number Of Poles,"2"
Motor Type,AC
Features,IE2/IE3
Frequency,"50 Hz"
Number Of Poles,"4"
Capacity,Highly durable
Size,Industrial Electric Motor
Surface Treatment,Industrial Electric Motor
IP Rating,IP55
Number Of Poles,"2"
Frame Size,Industrial Electric Motor
Shape,Industrial Electric Motor
Color,GREY
Country of Origin,Made in India
Customized,Internal & External features
Frame Size,ALL STANDARD FRAME SIZE
Usage/Application,Industrial
Frequency,"50 Hz"
Usage/Application,All Power transmission Equipment
Usage/Application,"INDUSTRY,MANUFACTURING"
Warranty,"1 YEAR"
Mounting,FOOT
Body Material,Iron
Number Of Poles,Multi-Pole
Duty,S3
Material,Cast Iron
Dimensions,"22 x 20 x 22 Centimeters"
Speed,"10001-14000 RPM"
No. Of Poles,"4"
Insulation Type,Class H
Number Of Poles,"2"
Country of Origin,Made in India
Material,Stainless Steel
Commutation,Brush
Insulation Type,Class F
Frequency,"50 Hz"
Usage/Application,Industrial
Commutation,Brush
Speed,"500-1500 RPM"
Speed,<2000 RPM
Type of Motor,AC
Frequency (Hertz),"50-60 Hz"
Voltage (Volt),"380-415 V"
Speed,"2880 rpm"
Material of Construction,Cast Iron
Type of Motor,AC
Is It Customized,Customized
Current,"1450 Amp"
Insulation Type,Class F
I Deal In,New Only
Mounting Type,Foot Mount
Speed,"2000-6000 RPM"
Speed,"500-1500 RPM"
Speed,"2000-6000 RPM"
Speed,"<2000 RPM,>14000 RPM"
Type of Motor,AC
No. Of Poles,"6"
Power,<10 KW
Power,<10 KW
Usage/Application,Industrial
Power,"2.2 KW"
Brand,Motori Bonora
Power,"20 hp"
Power Source,ac
Type of Motor,AC
Frame Size,"160"
Frame,"160"
Phase,Both
Number Of Poles,"4"
Payment Mode,Offline/Online
Service Location,India
Rated Voltage,"220/110V DC"
IP Rating,IP55
Application,industries
Portable,No
Frequency,"60 Hz"
Usage,"Used To Create The Power To Run Conveyors, Pumps, Air Moving Systems, And Many Other Needs"
Insulation Class,Type B
No. Of Poles,"2, 4"
Voltage (Volt),"220"
Frequency (Hertz),"50"
Service Mode,Offline
Power,"5  hp"
Power,"2 hp"
Speed,"2800 rpm"
Power,"37 KW"
Power,"5  hp"
Power,"5 hp"
Power,"1 hp"
Power,"7.5 hp"
Brand,MARUYASU
Horsepower,"10 HP"
Voltage,"415 V"
Speed,"1500 rpm"
Speed,"3000 RPM"
Speed,"1440RPM"
Brand,Crompton
Automation Grade,Manual
Brand,SPG
Usage,Power
Power,"5  hp"
Power,"7.5 hp"
Power,"44 KW"
Power,"1 HP"
Speed,"750 rpm"
Usage/Application,Industrial
Voltage,"415 V"
Horsepower,"0.5 HP"
Speed,"1440 rpm"
Mounting Type,Flange
Phase,Three Phase
No. of Poles,"6"
Number Of Poles,"2"
Shape,CIRCLE
Frame Size,"71 to 280"
I Deal In,New Only
Features,Preferred for printing press machine
Number Of Poles,"2"
Number Of Poles,"2"
Number Of Poles,"4"
Number Of Poles,"2"
Number Of Poles,"2"
Number Of Poles,"1"
Shape,Rectangular
Surface Treatment,Polished
No of Phase,Three Phase
Number Of Poles,"4"
Bearing Type,Ball Bearing
Automation Grade,Manual
Motor Brand,Crompton Greaves/Bharat Bijlee/Marathon/Siemens
Frequency,"50/60"
Material,Mild Steel
Number Of Poles,"4"
Number Of Poles,"4"
Frame Size,"63F to 250F"
Mounting Type,Flange
I Deal In,New and Second Hand
Usage/Application,Commercial
Number Of Poles,"2"
Country of Origin,Made in India
Frame Size,P71
Number Of Poles,"4"
I Deal In,New Only
Material,Cast Iron
Country of Origin,Made in India
Usage/Application,Industrial Machines / AGV / Speed Gate
Design Type,Wtc
Usage/Application,Diamond Industry
Size,"2P, 4P, 6P, 8P"
Surface Treatment,Painted
Automation Grade,Automatic
Material,Mild Steel
Number Of Poles,"2"
Rated Power,<10 KW
Brand,S.V TRANSMISSION
Color,Blue
Condition,New
Color,Grey
"1750 rpm","1.5 hp 180 volt"
Ambient Temperature,"45 degree C"
IP Degree of Protection,IP55
Brand,Balaji Engineering
Frame Size,"71-315"
Power :,"2.6-5 hp"
Model,CBX-S-3-30-45-IV-50-A
Strength,CBX-S-3-30-45-IV-50-A Maruyasu
Surface Finishing,CBX-S-3-30-45-IV-50-A Maruyasu
Phase,Three Phase
Speed,"1500 rpm"
Mounting Type,Foot
Type of Motor,AC
Voltage,"415 V"
Rated Power,"10 HP"
Power,"1 HP"
Power,"1.5 KW"
Power,"10 KW"
Rated Speed,"1440 RPM"
Power,"0.3 kw to 1000 kw"
Speed,<2000 RPM
Brand,Seipee Spa
Material,"1HP/1440 RPM FOOT/FLANGE"
Brand,BKS
Type,Copper Motor
Power,"10-100 KW"
Voltage,"415 V"
Speed,"2000-6000 RPM"
Voltage,"220 V"
Mounting Type,Foot
Power,"1 to 15Kw"
Brand,"10 hp"
Type,AC
Brand,ABB
Speed,"10001-14000 RPM"
Phase,Single Phase
Speed,"2000-6000 RPM"
Voltage,"380-415V"
Ambient Temperature,"45 Degree celsius"
Mounting Type,B3 / B5 / B35
Power,<10 KW
Brand,"REMI,ELTEK"
Speed,ANY RPM
Voltage,"230 V"
Material,Stainless Steel
Brand,HAVELLS
Phase,Single phase
Voltage,"280 V"
Brand,Tecno
Phase,All
Mounting Type,All
Brand,Simran
Type,Photocell Motor
Color,Black
Ambient Temperature,"85 degree"
Power,"50 KW"
Speed,>14000 RPM
Brand,Kirloskar
Speed,"2000-6000 RPM"
Speed,"760 -2800"
Phase,"Single Phase,Three Phase"
Usage/Application,"Domestic,Industrial,Agriculture"
Voltage,"220V"
Phase,Three Phase
Power,<10 KW
Brand,Gold Star
Power,"0.5 hp to 425 hp"
Phase,three phase
Power,"10-100 KW"
Mounting Type,Foot
Capacity,"Min 5 HP,1440 rpm,720 rpm,960 rpm and 2900 rpm."
Voltage,"240 Volt"
Phase,Three Phase
Voltage,"340V"
Phase,"3 Face"
Voltage,as per your requirment
Phase,"3 Phase"
Usage/Application,Industrial
Speed,"1440 rpm"
Phase,Three Phase
Mounting Type,Foot
Number Of Poles,"4"
Features,Industrial Electric Motor
Shutter Size,Industrial Electric Motor
Finishing,Paint Coated
Frame Size,"180"
Frequency,"50 Hz"
IP Rating,IP45
Automation Grade,Semi Automatic
Application,For Industrial Use
No of Poles,"4"
Number Of Poles,"2"
Surface Treatment,Color Coated
Country of Origin,Made in India
Insulation Class,f class
Color,green
Usage/Application,"Industrial,pharmaceuticals,textile"
Number Of Poles,"6"
Number Of Poles,"2"
Material,Mildsteel
Weight,"500 gm"
Number Of Poles,"4"
Frequency,"50 Hz"
Number Of Poles,"4"
Frame Size,"80"
Gear Ratios,"10:1 to 100:1"
Frequency,"50HZ"
Frame,"80"
Power,"1/10 HP"
I Deal In,Second Hand Only
Number Of Poles,"2"
Rated Power, 10-100 KW
Insulation Type,Class H
Current,"1450 Amp"
Speed,"2880 rpm"
Speed,"2880 rpm"
Speed,"2000-6000 RPM"
Type of Motor,AC
Phase,Three Phase
Size,"15X12X10(LXWXB)"
Material,Mild Steel
Number Of Poles,All
Type of Motor,DC
Type of end use,Industrial
Type of Motor,AC
Type of Motor,AC
Type of Motor,DC
Material of Construction,Steel
Condition,Used
Type of end use,Agricultural
Type of end use,Domestic
Type of Motor,DC
Material,Mild Steel
Condition,Second hand
Frame Size,"71 to 132"
IP Rating,ip 44
Speed,"6001-10000 RPM"
Type of Motor,DC
No. Of Poles,"2"
Is It Customized,Non Customized
No Of Poles,"4"
Temperature Rise,Upto 70 Degree C
Insulation Class,Class F
Power Source,Electric
Voltage,"12 V"
Motor Horse Power,"1 HP"
Voltage,"230V"
Frequency,"45Hz"
IP Rating,IP60
Power,"2HP"
No. Of Phase,single
Power,"5 hp"
Power,"1 hp"
Power,"7.5 KW"
Power,"15 hp"
Power,"2 hp"
Usage/Application,Industrial
Type,AC
Power,"7.5 hp"
Wattage,"10-100 KW"
Power,"2 hp"
Power,"5  hp"
Power,"7.5 hp"
Power,"5  hp"
Power,"5  hp"
Power,"7.5 KW"
Power,"5  hp"
Power,"2 hp"
Power,"5  hp"
Power,"5  hp"
Power,"7.5 hp"
Power,"7.5 hp"
Power,"7.5 hp"
Power,"10 hp"
Phase,Three Phase
Speed,"1500 rpm"
Horsepower,"10 HP"
Speed,"960 rpm"
Type,Three Phase Electric Motor
Speed,"960 rpm"
Features,motor
Type of Motor,AC
Source,Electrical
Power,"5  hp"
Power,"0.55 KW"
Power,"5 HP"
Power,"5  hp"
Power,"5  hp"
Power,"15 hp"
Power,"2 hp"
Power,"7.5 hp"
Power,"5 hp"
Horsepower,"50 HP"
Phase,Single Phase
Voltage,"220 V"
Number Of Poles,"2"
Surface Treatment,Paint Coated
Features,yes
Temperature Degree Celsius,yes
Country of Origin,Made in India
Number Of Poles,"4"
Diameter Mm,"60mm"
Frame Size,frame Q
Number Of Poles,"4"
Frame Size,"100"
Number Of Poles,"4"
Shape,C
Size,"132 frame"
Customized,YES
Number Of Poles,"2"
Material,Mild Steel
Duty,S 4
Automation Grade,Semi Automatic
Frequency (Hertz),"90 Hz"
Color,Blue
Number Of Poles,"2"
Finishing,Color Coated
Shape,Cylindrical
Number Of Poles,"2"
Material,Mild Steel
Surface Treatment,Hot Rolled
I Deal In,New and Second Hand
Number Of Poles,"2"
Bearing Type,Bearing  6306
Number Of Poles,"2"
Number Of Poles,"2"
Frame Size,yes
Automation Grade,yes
Material,Iron
Surface Treatment,Polished
Number Of Poles,"2"
Automation Grade,Automatic
Surface Treatment,Powder Coated
Number Of Poles,"2"
Features,"contamination, moisture, vibration and demanding duty cycles"
Frame Size,A. B. H. D. E. 63. 100 mm. 80 mm.
Number Of Poles,"2"
Automation Grade,Semi- Automatic
Material,Mild Steel
Horse Power,"100hp"
Country of Origin,Made in India
Shape,Round
Bearing Type,Ball bearing
Frame Size,"100m"
Bearing Lubrication,"6205"
Features,"The METRO Induction Motor is a robust and reliable powerhouse designed for continuous industrial and commercial use. Engineered with precision and backed by decades of experience, this motor delivers high efficiency, long operational life, and low maintenance performance in the most demanding environments."
Number Of Poles,"4"
Country of Origin,Made in India
AMC,Yes
Automation Grade,Automatic
Number Of Poles,"2"
DIMESNION AVAILABLE,"83X83X13 , 83X83X20 , 83X83X25 , 83X83X30 , 83X83X40, 83X83X45"
IMPELLER,AVAILABLE
INPUT VOLTAGE,"230V AC"
Power,"7.5 KW"
Voltage,"440 V"
Usage,Industrial
Finish,Color Coated
RPM,"440"
Voltage,"24V DC"
DC Motor Type,"3500"
WATTAGE,"5 TO 34W AVAILABLE"
Usage,For Industrial Use
Color,Olive Green
BEARING,SLEEVE AND BALL
Frame Size,upto 355
Brand,Laxmi
Speed in RPM,"800 RPM"
Power Source,Electric
Horsepower of Motor,"2 hp"
Power (KW),"5 kW"
Type,AC
Power,"0.37 - 315 kW"
Power,"3 HP"
Speed,Standard and Variable
Power,"201-300 KW"
Speed,">300 KW,<500 RPM,500-1000 RPM,1001-1500 RPM,1501-2000 RPM"
Phase,"Single Phase,Three Phase"
IP Rating,IP44
Brand,ABB
Voltage,"230 V"
Power,"24VDC/230VAC"
Phase,Single Phase
Speed,"10001-14000 RPM"
Power,Less than 10 KW or 10 to 100 KW or 101 to 200 KW or 201 to 300 KW or Greater than 300 KW
No of Phase,Single and Three Phase both are available
Speed,>14000 RPM
Type,High and Low Voltage
Mounting,Standard
Automation Grade,A
Usage/Application,Industrial
Power,"10-100 KW"
Brand,Marathon
Brand,"Crompton,Siemens,ABB"
Phase,"3 phase & 1 phase"
Mounting Type,Foot mount
Type,AC
Ambient Temperature,"45 Degree celsius"
Phase,Phase Three
Speed,"2000-6000 RPM"
Brand,EPC
Power,"10-100 KW"
Voltage,"230 V"
Speed,"2000-6000 RPM"
Brand,Havells
Speed,"1500 rpm"
Usage/Application,Industrial
No of Poles,"2 Pole"
IP Rating,IP23
Phase,Three Phase
No. of Poles,"2"
Voltage,"415 V"
Speed,"2000-6000 RPM"
Speed,"1,425 r/min"
Orientation,Horizontal
Type of Motor,AC
Power Source,Electrical
Type of Motor,AC
IP Rating,IP55
Speed,"2000-6000 RPM"
Speed,"10001-14000 RPM"
Material,CAST IRON
Efficiency,IE2
Installation After Sales Service,yes
Material,cast iron
Motor Type,Electric.
Automation Grade,Manual
Brand,BKS
Number Of Poles,"2"
Brand,REMI MAKE
Model Name/Number,RU-56-1G & RU-56-3G
I Deal In,New Only
Mounting Type,Flange Mount
Power Source,"10-10KW"
Frequency (Hertz),"50/60HZ"
No. Of Phase,SINGLE
Country of Origin,Made in India
Usage/Application,Industry
I Deal In,New Only
Country of Origin,Made in India
Usage/Application,Industial
Frame Size,"71 -355 Frame"
Usage/Application,For Electrical Device Use
I Deal In,New Only
Usage/Application,FRIENDELY
Bearing Type,Fag
IP Rating,IP55
Capacity,"20 HP"
No Of Poles,"2,4 & 6 Pole"
Speed,"1450 Rpm"
Frequency,"50 Hz"
Material,Cast  Iron
Type of Motor,<500 RPM
Number Of Poles,"2"
Measuring Range,"1/8 HP & 1/20 HP WITH 75 RPM & 150 RPM."
Color,Grey
Number Of Poles,"4"
Frequency,"50Hz"
IP Rating,IP55
Temperature (Degree Celsius),"0 to 40 Degree"
Mounting,Foot
Phase,Single Phase
Frequency (Hertz),"50Hz"
Speed,"6001-10000 RPM"
Usage/Application,Industrial
Power,"5HP"
Material,Mild Steel
Frame,"80 S"
No Of Poles,"4"
Weight,"5-10 Kilograms (kg)"
Surface Finish,Polish
Color,Blue
Frequency,"50 Hz"
Warranty,"1 Year"
Speed,"1400-2800 RPM"
Voltage,"220-280 V"
Class,F
Body Material,Mild Steel
Weight,"22kg"
Power,"2 HP"
Type of Motor,AC
Usage/Application,Industrial
Horsepower.,"15 Hp"
BRAND,REXNORD
Brand,Suguna
I Deal In,New Only
Speed,All
Shape,NA
I Deal In,New Only
I Deal In,New Only
Shape,Customised
Features,All
Frame Size,Standard
Size,Standard
Number Of Poles,"4"
Mounting Type,Foot and Flange
Number Of Poles,"2/4/6/8 Pole"
Power,"2 hp"
Capacity(Ton),"20 Ton"
Voltage,"415 V"
No. of Poles,"4"
Voltage,"240 V"
Material,Cast Iron
Mounting Type,Foot
Number Of Poles,"6"
Country of Origin,Made in India
Number Of Poles,"6"
Frame Size,"71 TO 180"
Number Of Poles,"4"
Automation Grade,Automatic
Number Of Poles,"4"
Country of Origin,Made in India
Power,<10 KW
Speed,"1440 rpm"
Speed,"1000 rpm"
Brand,Matrukrupa
Phase,Single and Three Phase
Voltage,"250 V"
Number Of Poles,"2"
Warranty,"1 Year"
Number Of Poles,"4"
Frequency,"50 Hz"
Automation Grade,Automatic
Head,Round
Number Of Poles,"8"
Surface Treatment,Polished
Frame Size,"0.18KW-315kW"
Features,IE2/IE3/IE4- Non Flp/Flp
Number Of Poles,"2"
Number Of Poles,"4"
I Deal In,New and Second Hand
Body Enclosure,TEFC
Phase,Three Phase
Type of Induction Motors,Variable Frequency Drive Induction Motors
Power,"5  hp"
Power,Other
Voltage,"415 V"
Voltage,"240 V"
Pole,"4"
Speed,<2000 RPM
Phase,"3"
Mounting Type,B3 / V1 / B14....
Power,"0-450 kw"
Brand,Sri Vennila
Voltage,"220 V & 440 V"
Speed,Standardised
Phase,"3 PHASE"
Material,COPPER
Ambient Temperature,"65"
Brand,Siemens
Voltage,"240 Volts"
Mounting Type,Foot Mounted
Type,Copper Motor
Power,"1 HP"
Phase,Single Phase
Ambient Temperature,-40 to 60 degree C
Brand,Siemens
Power,"101-200 KW"
Brand,"ABB,Crompton,Siemens,Scheider,Havells"
Power,"300 HP"
Speed,"750 RPM"
Voltage,"440 V"
Power,"15 hp"
Brand,Any
Usage,Industrial
Power,"0.18 to 22.5"
Brand,ABB / CG / BHARAT BIJLEE / HAVELLS
Power,"201-300 KW"
Type,Copper Motor
Material,ayarn
Voltage,"220 V"
Phase,SINGLE PHASE
Voltage,"220 V"
Type,Standardised
Phase,"1 Phase"
Type,Semi Automatic
Power,"5-10 HP"
Phase,Single Phase
Brand,DIVINE
Speed,"750 TO 3000"
Speed,"600-3000 RPM"
Voltage,"415"
Speed,"2000-6000 RPM"
Type,Copper Motor
Speed,<2000 RPM
Voltage,"415V"
Type of Motor,AC
Efficiency,IE2
Number Of Poles,"2"
Material,MS
Speed,<2000 RPM
Speed,>14000 RPM
Installation After Sales Service,Yes
Frequency,"60 Hz"
Country of Origin,Made in India
Material,Mild Steel
Source,Electricity
Automation Grade,Industrial
Installation Services Available,Yes
I Deal In,New Only
Country of Origin,Made in India
IP Rating,IP55
Type,High Voltage Motor
Number Of Poles,"2"
Duty,heavy duty
Nominal Current,"230 vac"
Finishing,metallic
Winding,copper coil winding
Starting Current Ratio,"230 vac"
Protection,pvc insulation
I Deal In,New Only
Usage/Application,Industrial
Voltage (Volt),"220V"
Number Of Poles,Single Pole
IP Rating,IP55
Speed,"2000-6000 RPM"
Mounting Type,Foot Mount
Mounting Type,Foot Cum Flange Mount
Color,"Grey,Blue etc"
Usage/Application,Industrial motor
Mounting Type,Foot
Frequency,"50 Hz"
Usage/Application,For Band Saw Machine Use
Frequency,"50 Hz"
No Load Speed,"1500 RPM"
Usage/Application,INDUSTRIAL
Capacity,"5HP TO 150HP"
IP Rating,"55"
Color,BRO
Features,varies on type
Customized,Yes
Color,Green
Frequency,"50 Hz"
Mounting Type,Flange
Features,cooper coil
Installation Services Available,yes
Country of Origin,Made in India
Duty,Heavy
Number Of Poles,"3"
I Deal In,New Only
Automation Grade,Automatic
Automation Grade,Semi Automatic
Number Of Poles,"2"
Motor Type,"3 HP"
IP Rating,IP55
Mounting,B3 Foot Mounted/B5 Flange Mounted/B14 Face Mounted
Usage/Application,industrial
Color,multicolor
Number Of Poles,"2"
Frequency,"60Hz"
Usage/Application,Cement Plant
Frequency,"50 Hz"
Finishing,Color Coated
Number Of Poles,"4"
I Deal In,New and Second Hand
Number Of Poles,"2"
Color,Grey
Number Of Poles,"4"
Usage/Application,Industrial And Agriculture
Usage/Application,Industry
Number Of Poles,"2"
Capacity,"400KG to 3000KG"
Number Of Poles,"4"
Material,Cast Iron
Usage/Application,Industrial
Material,copper
Frequency,"50 Hz"
Country of Origin,Made in India
Number Of Poles,"2-4-6-8"
Frame Size,"71TO355"
Insulation Class,F
Number Of Poles,"4"
Usage/Application,Industrial
Number Of Poles,"2"
Location,Coimbatore
Power Source,Electric
Power Source,Electric
Usage/Application,Industrial
Brand,Everest
Power,As per your request
Number Of Poles,As per your request
Power,"0.5 to 425"
Horsepower,"0.5 to 425"
I Deal In,New Only
I Deal In,New Only
Features,NA
Automation Grade,As per request
Shutter Size,As per request
Bearing Lubrication,As per request
Frame Size,As per request
Size,As per request
Speed,"3000 rpm"
Product Code,LGGE083
Horsepower,"10 HP"
Phase,Three Phase
Frequency,"50Hz"
AMPS,"0.5"
HP,"0.15"
Phase,Three Phase
Rated Voltage,"415 V"
Brand,Crompton
Brand,Siemens
Brand,ABB
Brand,Hindustan
Brand,Schneider Electric
Phase,"1phase"
Phase,Single Phase
Phase,Single Phase
Phase,Three Phase
Phase,Single Phase
Speed,<2000 RPM
Type,Copper Motor
Horsepower,"1 HP"
IP Rating,IP44
Brand,Crompton
No Of Phase,Three Phase
Speed,"960 rpm"
No. of Poles,"2"
Voltage,"220 V"
Type,AC
Mounting Type,Flange
Country of Origin,Made in India
Number Of Poles,"6"
I Deal In,New and Second Hand
No Of Poles,"4"
Material,COPPER
Motor Voltage,"415 VOLTS"
Material,Cast Iron
IP Rating,IP35
Frequency,"50 Hz"
Power Rating,"7.5 kW"
Phase,Three Phase
Motor Type,AC Induction
Power Rating,"0.75 kW"
Motor Type,DC Motor
Power Rating,"2.2 kW"
Phase,Three Phase
Motor Type,DC Motor
Phase,Three Phase
Motor Poles,"4 Pole"
Mounting Type,Flange Mounted
Brand,Shubh Electrical Engeeniering
Country origin,Made in India
Speed,"1440 rpm"
Power Rating,"0.37 kW"
Motor Type,Synchronous
Phase,Single Phase
Starter Type,Fully Automatic
Current,"20 A"
Voltage,"220 V"
Horsepower,"1.5 HP"
Mounting Type,Flange
Type of Induction Motors,Three Phase Induction Motors
No. of Poles,"4"
Automation Grade,Manual
Type of end use,Agricultural
Type of end use,Domestic
Finishing,Paint Coated
Color,"Black,Blue,Grey"
Cooling Method,Water Cooled
No Of Poles,"4"
Type of end use,Resale
Motor Phase,Three Phase
Warranty,"1 year"
Body Material,Cast Iron
Frequency,"50 Hz"
Type of End Use,Agricultural
Type of End Use,Industrial
Motor Horsepower,"0.1 - 1 HP"
IP Rating, IP55
Pipe Size,"25 x 25 mm"
HP,"1.0"
Pipe Size,"25 x 25 mm"
No of Poles,"4"
No of Poles,"6"
Color,"Black, Blue, Grey"
Power,Quarter hp-500 hp
RPM,"1400,2800,750,960"
Warranty,"1 year"
Portable,Yes
IP Rating,IP55
Type of end use,Industrial
Motor Phase,Single Phase
Automation Grade,Manual
Warranty,"1 year"
Color,"Black,Grey"
Power Source,AC Powered
Motor Phase,Single Phase
Motor Horsepower,"2 - 5 HP"
Motor Horsepower,"27 - 140 HP"
Type of Motor,AC
Power Source,Electric
Phase,Three Phase
Mounting Type,"Foot Mount, Flange Mount, Foot Cum Flange Mount"
Phase,Single Phase
Power,"201-300 KW"
Voltage,"440 V"
Power,"500 KW"
No of Poles,"4"
Power,"101-200 KW"
Frequency,"50 Hz"
Warranty,"1 year"
Customized,on your requirement
Voltage,"440 V"
Phase,Three Phase
Material,Mild Steel
Current,"0.18 Amp"
Industrial Class,F
No Of Poles,"4"
Phase,Single Phase
No of Poles,"2"
No of Poles,"8"
No of Poles,"10"
Automation Grade,Automatic
Brand,ABB
Power,"101-200 KW"
Brand,Usha
HP,"0.5 / 0.37"
Brand,Usha
Discharge In LPH,"2500 to 200"
Color,"Black,Blue,Grey"
Cooling Method,Air Cooled
Cooling Method,Water Cooled
Power Source,Electric
Automation Grade,Manual
Type of End Use,Domestic
Motor Phase,Three Phase
Motor Horsepower,"5 - 27 HP"
No Of Poles,"2"
No Of Poles,"4"
Brand,ABB
Power,"3.7 KW"
Power Rating,"3.7 kW"
Input Voltage,"415V"
Country of Origin,Made in India
Power Rating,"1400 RPM"
Rated Voltage,"380 V"
Input Phase,"3 - Phase"
Enclosure,TEFC
Phase,Three Phase
Motor Type,AC Induction
Model Name/Number,ACS880 - ABB Drives
Duty Type,S1
Motor Poles,BASE ON 2 POLE TO 8 POLE
Mounting Type,Foot Mounted
Motor Power,"0.55 to 250 kW"
Ingress Protection,IP55
Country of Origin,Made in India
Standard,ISO 9001:2015
Efficiency,"0.80 TO 0.90"
Motor Type,AC Induction
Pole,"2.4.6"
Phase,Three Phase
Frames,"63 TO 160L"
Power,"3.7 KW"
Power,"1 hp"
Power,"7.5 hp"
Phase,Three Phase
Power,"300 W"
Power,"5  hp"
Power,"2 hp"
Power,"7.5 hp"
Power,"7 HP"
Power,"2 HP"
Power,"2 hp"
Power,"10 KW"
Power,"5  hp"
Power,"2 hp"
Power,"2 hp"
Power,"5  hp"
Power,"7.5 hp"
Power,"5  hp"
Power,"40 HP"
Power,"0.37 KW"
Voltage,"415 V"
No of Poles,"4 Pole"
Pole,"4"
Speed,"1440 rpm"
Phase,Single Phase
Speed,"1000 rpm"
Power Source,Electric
Speed,"960 rpm"
Horsepower,"0.75 HP"
Number Of Poles,"2"
Efficiency,IE2
Brand,Suguna
Number Of Poles,"2"
Material,Mild Steel
Number Of Poles,"2"
Power,"5 HP"
Power,"7.5 hp"
Power,"7.5 hp"
Usage,Industrial
Voltage,"12V"
Power,"7.5 hp"
Power,"5  hp"
Power,"0.37 KW"
Power,"2.2 KW"
Power,"5  hp"
Power,"30 KW"
Speed,"1500 rpm"
Type,DC Motor
Horsepower,"1 HP"
Horsepower,"3 HP"
Speed,"1440 rpm"
Engine Type,Air Cooled
Product Type,Agricultural Water Pump
Motor Phase,Single Phase
Voltage,"220 V"
No. of Poles,"2"
Frequency,"50 Hz"
Starting Current Ratio,yes
Country of Origin,Made in India
Frame Size,ND160M
Number Of Poles,"4"
DC Brake,YES
Country of Origin,Made in India
Features,"Single & Three Phase Motors - 2 to 8 pole - Mounting Available - B3,B5,B14 & B34"
Frame Size,"63 to 225"
Number Of Poles,"2"
Number Of Poles,"4"
Number Of Poles,"6"
Mounting Type,Foot
Frequency,"50 HZ"
Atmosphere,yes
Centrifugal Force,yes
Working Moments,yes
Number Of Poles,"2"
I Deal In,New Only
Country of Origin,Made in India
Shape,Round
Number Of Poles,"4"
Suitable For,INDUSTRIAL
Electromagnetic Brake Voltage Or Frequency Or Current Or Input,"440"
Number Of Poles,"2"
Number Of Poles,"4"
Features,ELECTRIC MOTOR
Number Of Poles,"2"
Number Of Poles,"4"
Finishing,Polished
Features,STANDARD MOTOR
Number Of Poles,"1"
Number Of Poles,"2"
Number Of Poles,"2"
Voltage,"260 V"
Rated Speed,"1440 RPM"
IP Rating,IP55
Frequency,"50 Hz"
Temp. Rise,"40'"
Voltage Range,"240V"
Voltage,"440 V"
Finishing Type,Paint Coated
Three Phase Power,"20 Hp"
Power,"7.5 hp"
Power,"5  hp"
Power,"2HP"
Power,"2.2 KW"
Phase,Three Phase
Power,"50 Kw"
Power,"2 HP"
Power,"1 HP"
Phase,Single
Power,"55 KW"
Power,"800 jp"
Power,"5 hp"
Speed,"3000 rpm"
Usage/Application,Industrial
Country of Origin,Made in India
Surface Treatment,Polished
Material,Aluminium
Number Of Poles,"2"
Frequency,"50 Hz"
IP Rating,IP55
Material,Casting body
Features,Energy efficient
Frequency,"50 Hz"
Material,MS
Material,Mild Steel
Brand,Palcotech Engineering
Country of Origin,Made in India
Material,Stainless Steel
Country of Origin,Made in India
Efficiency,IE2
Material,Cast Iron
IP Rating,IP40
Dimensions,"20 x 22 x 20 Centimeters"
Number Of Poles,"2"
Frequency,"60 Hz"
Country of Origin,Made in India
Ambient Temperature,"70 degree"
Voltage Type,High Voltage
Material,Cast Iron
Frame Size,"400"
Number Of Poles,"6"
I Deal In,New and Second Hand
Suitable For,MILL DUTY.
Body Enclosure,TEFC
Surface Treatment,"varnish coatings,electroplating/electroless plating,painting/epoxy coatings,anti-corona paints"
Shape,cylindrical
Features,"high efficiency, variable speed/torque, quiet operation, reliability with low maintenance, fast resp"
Condition,New
Pack Type,Loose
Phase,"3 Phase Motor"
Colour,"Silver, Blue"
Phase,"3 Phase"
Delivery,"Tamilnadu,Kerala"
Supplier,Virtue Electric motor
No. Of HP,"3HP"
Horsepower,"1 HP"
Frequency,"50 Hz"
Voltage,"412 V"
Motor Type,Stepper Motor
Phase,Three Phase
Phase,Three Phase
Motor Type,DC Motor
Power Rating,"3.7 kW"
Phase,Three Phase
Power Rating,"2.2 kW"
Mounting Type,Foot Mount
Mounting Type,Flange Mount
Mounting Type,Foot Cum Flange Mount
Motor Poles,"8 Pole"
Rated Voltage,"230 V"
Phase,Three Phase
Phase,Three Phase
Power Rating,"315 kw"
Motor Type,AC Induction
Motor Poles,"6 Pole"
Mounting Type,Foot Mounted
Efficiency Class,IE2
Warranty,DC
Rated Power,"10-100 KW"
Rated Power,"101-200 KW"
Rated Power,"201-300 KW"
Motor Horsepower,"2 HP"
Cooling Method,Air Cooled
Frequency,"50 Hz"
Color,"Black,Blue,Grey"
Material of Construction,Cast Iron
Rated Power,<10 KW
Warranty (in months),"1 year"
Material,CI
Material standard,ASTM A 536 GRADE 60-40-18
Material of Construction,Steel
Rated Power,>300 KW
Motor Phase,Three Phase
Cooling Method,Water Cooled
Frequency,"50-60 Hz"
Phase,Single Phase
No of Poles,"6"
No of Poles,"8"
No of Poles,"2"
No of Poles,"10"
Power,"201-300 KW"
Power,"300 KW"
Type of Motor,AC
No of Poles,"4"
Power,<10 KW
Brand,"Wacogiken , Nissei"
Usage,Automobile
Output Torque,"350Nm"
Frequency,"50 Hz"
Width,"31.75 cm"
Diameter,"63-63-63-75-75"
Phases,"3"
Weight,"16.344 kg"
Power,"1 HP"
Features,New and used elecrtric motors
Phase,Three Phase
Condition,New
Power,"10-100 KW"
Power,"101-200 KW"
Brand,Seema
Weight Capacity,depend on custmer 
Available,TENV-TEFC-SPDP
Efficiency motors,"0.37 KW to 315KW"
Power,"50 Hz"
Voltage,"220 V"
Brake Motors,Up to 37 KW
Power,"1HP"
Brand,Leader
Speed,"1440 RPM"
Brand,WEG
Model Number,W22 API661
Motor Type,Stepper Motor
Power Rating,"0.55 kW"
Phase,Three Phase
Power,"2 hp"
Power,"5  hp"
Power,"2 hp"
Power,"1 HP"
Power,"2 hp"
Power,"5.5 KW"
Power,"1 hp"
Power,<10 KW
Power,"7.5 hp"
Power,"7.5 hp"
Power,"5  hp"
Power,"7.5 KW"
Power,"10 hp"
Material,Mild Steel
Power,"0.25 HP"
Brand,Impel
Voltage,"440 Volt"
Ambient Temperature,"50 Degree C"
Phase,"3 Phase"
Head,"150 Meter"
Usage/Application,Industrial
Material,Mild Steel
Usage/Application,Industrial
Number Of Poles,"2"
Phase,"1 Phase"
Power,"5  hp"
Power,"5  hp"
Power,"10TO 350 HP"
Power,"37 KW"
Power,"1 hp"
Power,"5  hp"
Power,"1HP"
Power,"2 hp"
Power,"60 Hz"
Power,"7.5 hp"
Usage/Application,Safety Purpose
Voltage,"220"
Type,Copper Motor
Mounting Type,flange mounting
Brand,Shubh
Speed,"1500 RPM"
Torque,&lt;0.20 mNm
Power Source,Electricity
Current,"6 AMPS"
Material,Copper
Phase,Three Phase
Type,Induction Motors
Voltage,"415 V"
Number Of Poles,"2"
Number Of Poles,"4"
Number Of Poles,"2"
Frame Size,"2X1"
Shape,Rectangular
AMC,"2"
Efficiency,IE2
Material,Silicon Stamping
I Deal In,New Only
Pressure,"2800"
Surface Treatment,Polished
Customized,As Per Nedded
Surface Treatment,Polished
Number Of Poles,"2"
Country of Origin,Made in India
Number Of Poles,"2"
Number Of Poles,"2"
Shape,Round
Number Of Poles,"2"
Country of Origin,Made in India
Shutter Size,"32Sq-m"
Frames,"90"
Feature,Long Durability & Low Amps
Bearing Type,"2RS"
Motor Type,Induction
I Deal In,New Only
Country of Origin,Made in India
Number Of Poles,"2"
Automation Grade,Semi
Motor Type,"2HP"
Country of Origin,Made in India
Number Of Poles,"4"
Frame Size,"180"
I Deal In,New Only
Country of Origin,Made in India
Number Of Poles,"1hp"
Country of Origin,Made in India
Features,TEFC SQ CAGE
Features,Solar Hybrid Solar Power Plant
Size,"580"
Country of Origin,Made in India
Number Of Poles,"4"
Material,Mild Steel
Frame Size,"0354V-BA6706A"
Shape,"220 V"
Size,"1200"
Automation Grade,yes
Brand,"Powermarshal, jesco"
Ambient Temperature,-5 to +70 Degree C
Speed,"1440"
Voltage,"415 V"
Speed,"1440 rpm"
Brand,Siemens
Voltage,"220 V"
Speed,"2500 rpm"
Type,AC
Speed,<2000 RPM
Speed,<2000 RPM
Type,AC
No. of Poles,"8"
Voltage,"415 V"
Horsepower,"100 HP"
Type,DC Motor
Mounting Type,Flange
Automation Grade,Automatic
Duty Type,S1
Enclosure,TEFC
Number Of Poles,"6"
I Deal In,New and Second Hand
Country of Origin,Made in India
Ingress Protection,IP55
Rated Voltage,"415 V"
Power Rating,"5.5 kW"
Phase,Three Phase
Motor Type,AC Induction
Motor Poles,"4 Pole"
Mounting Type,Foot Mounted
Efficiency Class,IE4
Voltage,"220-380-415"
Voltage,"220-380 V"
Speed,"750-1000-1500-3000"
Phase,Three Phase
Standard,IE2 / IE3
Ambient,"50 Deg C"
Model,"2HX2"
Material,Cast Iron
Ambient temperature,"60C"
Range,"125 Hp"
Power Source,Electric
Voltage,"12V - 24V"
Power KW,"15-30-50-40-60"
Weight,Approx 1 to 150 kg
Usage,In industries
Frame Material,Steel
Horse power,"0.5 Hp"
Length,"58.42 cm"
No of Poles,"2"
No of Poles,"8"
Color,depend on custmer 
Condition,depend on custmer 
Frame Size,depend on custmer 
Frequency,depend on custmer 
Insulation Class,depend on custmer 
Model Number,depend on custmer 
Size,depend on custmer 
Voltage,depend on custmer 
Height,"33.655 cm"
Efficiency,"73.0 %"
RPM,"960 - 30000 RPM"
Automation Grade,Manual
Motor Horsepower,"1 HP"
Motor Horsepower,"5 HP"
Motor Horsepower,"0.5 HP,3 HP,6.5 HP,8 HP,10 HP"
Motor Phase,Single Phase
Power Source,Electric
Color,White
Power Source,Electric
Length,"88-122-152-121-151"
Protections,"IP-20, IP-44, S1, S2, S3 Duty Cycle"
Speed range,"1000RPM to 3500RPM"
No of Poles,"10"
Brand,depend on custmer 
Capacity,depend on custmer 
IP Rating,depend on custmer 
No Load Speed,depend on custmer 
Shutter Size,depend on custmer 
Torque,depend on custmer 
Finish type,Polished
Material,Cast Iron
Phase,"3 Phase"
Voltage,"220-240 V"
No of Poles,"4"
No of Poles,"6"
Material,depend on custmer 
Phase,depend on custmer 
Shape,depend on custmer 
Surface treatment,depend on custmer 
Warranty,depend on custmer 
Brand,Hindustan
Power,"1800 W"
Voltage,"220 V"
Moter Power,"10 HP"
Use Application,Industrial
Load Speed,"12000 RPM"
Single Phase Power,"1/2 Hp"
Power,"0.1 to 2 Hp"
No Of Poles,"8"
Conforming to,IS: 12615-2011 / IEC: 60034-1
Phase,"3 Phase"
Mount Type,Flange Mount
HP,"0.25 TO 30"
Phase,Three Phase
Efficiency Class,IE2
Enclosure,TEFC
Motor Type,AC Induction
Duty Type,S2
Power Rating,"0.37 kW"
Rated Voltage,"230 V"
Mounting Type,Foot Mounted
Phase,Three Phase
Type of Motor,AC
Speed,<2000 RPM
Ingress Protection,IP44
Power,"4-6 kw"
Power,Electric
Bearing Lubrication,Copper
Finishing,Copper
Source,Electric
Number Of Poles,"4"
Pole,"4"
Motor Type,Electric
Surface Treatment,Full Load Amps 50
AMC,Full Load Amps 50
Shape,motor
Features,motor
Power,Any
I Deal In,New Only
I Deal In,New Only
I Deal In,New Only
I Deal In,New Only
I Deal In,New Only
Number Of Poles,As per customer
I Deal In,New Only
Size,As per requirement
Frame Size,AS PER REQUIREMENT
Sound Level,CUSTOMIZABLE
Voltage,CUSTOMIZABLE
Number Of Poles,"4"
Number Of Poles,"4"
Power,"5  hp"
Power,"1.5 KW"
Power,"2 hp"
Power,"5  hp"
Power,"2 hp"
Power,"5  hp"
Power,"0.4 W"
Voltage,"220 V"
Speed,"1440 RPM"
Material,Cast Iron
I Deal In,New Only
Number Of Poles,"2"
Bearing Lubrication,GREASE
Color,Blue
Shape,FOOT MOUNTED
Number Of Poles,"2"
Frame Size,"280"
I Deal In,New and Second Hand
Country of Origin,Made in India
Number Of Poles,"4"
IP Rating,IP55
Material Used,Aluminium
Country of Origin,Made in India
Shape,Round
Features,DC Brake
Number Of Poles,"4"
Frame Size,"132S"
Surface Treatment,Powder Coated
Material,Cast Iron
Number Of Poles,"2"
Usage/Application,Industrial
Country of Origin,Made in India
Voltage Type,High Voltage
Brand,OEM
Number Of Poles,"4"
Country of Origin,Made in India
Efficiency,IE2
Frequency,"50 Hz"
Mounting Type,Foot
IP Rating,IP55
Frame size,KM63-KM280M
Country of Origin,Made in India
Horse Power,"10"
Insulation Type,Class F
Country of Origin,Made in India
Phase,"1 Phase"
Usage/Application,Industrial Uses
Commutation,Brush
Automation Grade,Automatic
Number Of Poles,"4"
Country of Origin,Made in India
Frame size,"132S"
Power,Aa per customer
Power,"2HP"
Horsepower,"30 HP"
Speed,"1440 rpm"
No. of Poles,"4"
Voltage,"220 V"
Mounting Type,Foot
Number Of Poles,"6"
Material,Copper
Frame,"112B3"
Material,CAST IRON
Terminal Box Location,TOP
Motor Type,FOOT MOUNT B3
Number Of Poles,"4"
Features,Aluminum Die Casting
Country of Origin,Made in India
Color,Red
Power Source,AC Voltage
Power Source,DC/Battery
Brand,Addonix
Frequency Range,"3.25 km"
Material,Aluminium Die casting
Automation Grade,AUTOMATIC
Material,MS
Number Of Poles,"2"
Brand,Havells
Type,AC
Speed,"750 - 3000 RPM"
Ambient Temperature,"50 - 70 deg C"
Model Name/Number,"8"
Usage/Application,Industrial
Motor Horsepower,As per your need
Product Type,electric water pump
Discharge Pressure,depends
Phase,Three Phase
Speed,"1500 RPM"
Duration,"1 Week"
Packagning Type,Box
Material,Cast Iron
Weight (GM),"18.5"
Current - amps,"0.7/1.0"
Input - watts,"150W"
Speed - r.p.m.,"320/170"
Rating - Minutes,"1"
Body Enclosure,Cast Iron
Mounting,B3 Foot Mounted/B5 Flange Mounted/B14 Face Mounted/B35 Foot cum Flange Mounted
Duty,S4
Insulation Class,F Class
Voltage,"220 V"
Frequency,"50 Hz"
use,idustrial
supply by,WTB BUSINESS
Voltage,"120V"
Phase,"3 PHASE"
Power,<10 KW
Phase,Single Phase
Power,"10W ~400W"
Phase,"1/3"
Power Rating,"1.1 kW"
Motor Type,AC Induction
Power,<10 KW
Material,Copper
Horsepower,"1.5 HP"
Brand,Sonam
Type,AC
Speed,"960 to 3000RPM"
Voltage,"240/440"
Mounting Type,FOOT
Motor Type,AC induction
Power Rating,"0.25 kW"
Phase,Three Phase
Winding,copper
Number Of Poles,"2"
I Deal In,Second Hand Only
Bearing Type,"6309/6209"
Customized,no
Duty,s1
Material,cast iron
Speed,"<2000 RPM, 2000-6000 RPM"
Speed (RPM),"1440-2880"
No Load Speed,"2500-3600 RPM, 1400-1800 RPM"
Speed,"1400 RPM"
Power,"155 W"
Phase, Three Phase
Voltage,"120V"
Type of Motor,AC
HP,"0.5"
Head Range,"3 to 26 m"
Head Range,"6 to 30 m"
Discharge In LPH,"3000 to 100"
Head Range,"3 to 24 m"
HP,"0.5"
Phase,Three Phase
Power Source,Electric
Usage/Application,"Create the power to run conveyors, pumps, air moving systems, and many other needs in the toughest i"
Application,Construction
Power,"2 HP"
No. Of Phase,Single Phase
Brand,Green India
Frequency,"50Hz"
Material,iron
No of Poles,"2"
Pipe Size,"25 x 25 mm"
Discharge In LPH,"2400 to 300"
Head Range,"6 - 35 m"
Pipe Size,"25 x 25 mm"
No of Poles,"4"
Phase,Three Phase
Frequency,"50 Hz"
No of Poles,"4"
Brand,any
Capacity,"0.5 hp to 425 hp"
Type of Motor,AC
Power,"500 KW"
No Of Poles,"4"
Frequency,"50-60Hz"
IP Rating,IP33
Frequency,"50 Hz"
Power,"300 KW"
Capacity,"1 hp to 50 hp"
Color,blue
Phase,"3"
Phase,Three Phase
Speed (RPM),"960/1440 RPM"
Type,High Voltage
Usage,"Textile, Weaving Industry"
IP Rating,IP23
Usage/Application,Industries
Voltage,"440 V"
Horsepower,"3 HP"
MAKER,PARVALUX
REF,SD 38M/500818/9Y
Power Rating,"2.2 kW"
Mounting Type,Foot Mounted
Duty Type,S2
Rated Voltage,"230 V"
Motor Poles,"2 Pole"
Enclosure,TEFC
Phase,Single Phase
Motor Type,AC Induction
Ingress Protection,IP44
Phase,Three Phase
Phase,all
Motor Type,all types
Power Rating,all types
Rated Voltage,"230 V"
Motor Poles,"2 Pole"
Enclosure,TEFC
Ingress Protection,IP44
Duty Type,S1
Usage/Application,Industrial
Phase,Three Phase
Shutter Size,"3"
Pump Type,Electric
Motor Type,Electric
Finishing,Copper
Material,Copper
Frame Size,"3 Phase, 415 V /400V/380V, 50Hz/60Hz + Kw = 0.37 To 1000 + Mounting = Foot, Flange, Foot Cum Flange"
Features,"3 Phase, 415 V /400V/380V, 50Hz/60Hz + Kw = 0.37 To 1000 + Mounting = Foot, Flange, Foot Cum Flange"
Shape,"3"
Features,All
I Deal In,New Only
I Deal In,New Only
Horsepower,"5 HP"
Power,"2 hp"
Power,"5  hp"
Type,Low Voltage NEMA Motors
Type of Induction Motors,Three Phase Induction Motors
Mounting Type,Foot
Mounting Type,Foot
IP Rating,IP55
No. of Poles,"4"
Speed,"1450 RPM"
Winding Material,Aluminium
Voltage,"230 V"
Frequency,"60 Hz"
Finishing,Polished
Number Of Poles,"4"
Features,Water
Number Of Poles,"4"
Shape,Round
Surface Treatment,Polish
Automation Grade,Automatic
Brand,Excel
Material,Mild Steel
No. Of Poles,"6"
No. Of Poles,"2"
No. Of Poles,"4"
No of Poles,"2"
No of Poles,"4"
No of Poles,"6"
No of Poles,"8"
No of Poles,"10"
Brands,KIRAN
Power,"0.75 KW"
Power,<10 KW
Mounting Type,Foot
Voltage,"220 V"
No. of Poles,"4"
Current,"60 mA"
Speed,<2000 RPM
Mounting Type,Foot Mount
Mounting Type,Flange Mount
Mounting Type,Foot Cum Flange Mount
Speed,<2000 RPM
Voltage,"415 V"
Power Source,Electric
Brand,Dyna Speed
Speed,"1000 RPM"
No. of Poles,"2"
Mounting Type,Foot
No. of Poles,"4"
Voltage,"220 V"
Mounting Type,Foot
Number Of Poles,"2"
Frequency,"50 Hz"
Shape,Round
Country of Origin,Made in India
Phase,Three
Number Of Poles,"4"
Color,GREEN
Frequency,"50 Hz"
Condition,New
Phase,SINGLE AND THREE PHASE
Type of Motor,AC
No. Of Phase,SINGLE
IP Rating,IP55
Country of Origin,Made in India
Power,"7.5 hp"
Usage/Application,Industrial
Power,"10-100 KW"
Phase,Single Phase
Phase,"3 Phase"
Voltage,"480 V"
Material,MS
Voltage,"410 V"
Horsepower,"5 HP"
Voltage,"400 VOLTS"
Brand,ABb
Mounting Type,SKID
Speed,<2000 RPM
Speed,"2000-6000 RPM"
Power,Standard
Type,Standard
Motor Horse Power,"0.5 HP"
Voltage,"220 to 250 V"
IP Rating,IP44
Phase,Single Phase
Phase,Standard
Speed,Standard
Material,Standard
Type,Copper Motor
Phase,"3 Phase"
Speed,"6000 RPM"
Power,"10-100 KW"
Voltage,As per requirement
Power,<10 KW
Power,"10-100 KW"
Power,"120V AC"
Power,"10Kw"
Material,Cast Iron
Speed,>14000 RPM
Type,Copper Motor
Power,<10 KW
No of Phase,Single Phase
Horsepower,"2 HP"
Brand,Oswal
Brand,"crompton, havells"
Phase,"3 phase"
Mounting Type,"foot mount, flange mount"
Speed,<2000 RPM
Brand,NA
Type,AC
Type,AC
Shutter Size,"5HP/1200RPM"
Features,(BRAND NEW) RULAND ELECTRIC MOTOR - .5HP/1200RPM
Number Of Poles,"4"
No Load Speed,"750 1000 1500 3000"
Frequency,"50 & 60 hz"
Voltage (V),"415 V"
Usage,Used In Automotive Industry
Voltage,"240V"
Speed,"2000-6000 RPM"
Size,"0.5 - 20 hp"
Frame Size,"58-1"
Warranty,"1 Year"
Usage/Applications,Industrial
Enclosure,"TEFC,TENV"
Speed,"1500 rpm"
Voltage,"415 V"
Power,"20 HP"
Type,Induction Motors
Power,"5  hp"
Type,Aluminium
Power,"0.75 KW"
Pump Type,INDUSTRIAL
Pressure,high
Speed,"2000-6000 RPM"
Speed,"2800 RPM"
Mounting Type,Foot & Flange
Brand,"ABB,Crompton,Siemens,Bosch"
Brand,Babbal motors and gezzate
Mounting Type,double mount
Voltage,"220 V"
Material,Cast Iron
Voltage,"240V"
Brand,"Crompton, Siemens, BBL, Kirloskar"
Warranty Period,As per Manufacturing Company
Mounting,Flange
Speed,"2000-6000 RPM"
Speed,Customize
Voltage,Customize
Power,<10 KW
Speed,<2000 RPM
Brand,Target
Power,"10-100 KW"
Type,Copper Motor
Ambient Temperature,highly durable
Mounting Type,Foot
Brand,Triple-D
Phase,Three
Voltage,"400-415 V"
Loom Dimension,"62 to 92 mm"
Speed,"960 rpm"
Phase,"3 Phase"
Voltage,"415 V"
Mounting Type,"Foot, Flange & Foot cum Flange"
Horsepower,"5 HP"
Voltage,"415 V"
Phase,Three Phase
Speed,"2880 RPM"
Mounting Type,B3
Power,"0.55 kW to 355kW"
Ambient Temperature,Upto 50 Deg C
Brand,Tecno
Power Consumption,"2500 W"
Power,"0.25 To 1500 HP"
No Of Phase,Three Phase
No. of Poles,"4"
Power,"10-100 KW"
Type,Copper Motor
Material,Mild Steel
Usage/Application,Control Panel
Usage/Application,Industrial
Color,Green
Speed,"2880 rpm"
Color,Blue and Black
Voltage,"240V"
Type of end use,Agricultural
Speed,"2000-6000 RPM"
Commutation,Brush
Insulation Type,Class F
Frequency,"50 Hz"
Country of Origin,Made in India
Ambient Temperature,"50 degree"
Frequency,"50HZ"
Frame Size,"132/112"
Insulation Class,F
Warranty,"1YEAR"
I Deal In,New Only
Country of Origin,Made in India
Number Of Poles,"4"
Number Of Poles,"2"
Motor Type,AC
Color,"Blue,Golden"
Type of Motor,AC
Type of Motor,<10 KW
Usage/Application,Industrial
Number Of Poles,"4"
IP Rating,IP55
Speed,>14000 RPM
Mounting Type,Floor Mounted
Door Thickness,"6 mm"
Power,"8 HP"
Insulation Type,Class A
Customized,yes
Surface Treatment,Paint Coated
Material,Cast Iron
Usage/Application,Speed Variation Application
Model Name/Number,IE3 & IE2 Motors
Protection,IP55
Mounting,"Foot, Flange, Foot cum Flange, Face, Foot cum Face"
Country of Origin,Made in India
Speed,<2000 RPM
IP Rating,IP44
Usage/Application,industrial
Color,BLUE/ BLACK / SILVER
Material,Cast Iron
Power,.2.5 kw- 2000 kw
Phase,Three Phase
Brand,Kirloskar
Color,Grey
Finishing,Color Coated
Material,Cast  Iron
Number Of Poles,"2"
Usage/Application,Industrial Machine
Mounting Type,"Foot, Flange, foot cum flange Mount"
Warranty,"1 year"
Frequency,"50 Hz"
Lead Wires,"6"
I Deal In,New Only
Usage/Application,Industrial And Agriculture
Frequency,"50 Hz"
Type of end use,Industrial
Type of end use,Domestic
Installation/After Sales Service,Yes
Number Of Poles,"4"
Frequency,"50 Hz"
Number Of Poles,"2"
Frequency,"50 Hz"
Usage/Application,Industrial
Material,Cast Iron
Usage/Application,Industrial
Capacity,"2.4 kw"
Motor Type,"3 Phase AC"
Power Source,Electric
Phase,Single Phase
Automation Grade,Automatic
Frequency,"50 Hz"
Country of Origin,Made in India
Size,"17X14X12(LXWXB)"
Finishing,Color Coated
Material,Mild Steel
Pressure,"2500Psi"
Material,Mild Steel
Number Of Poles,"4 POLE / 2 POLE / 6 POLE"
Speed,"2000-6000 RPM"
Speed,"6001-10000 RPM"
Number Of Poles,"2,4,6 AND 8"
Material,AL/CI
Country of Origin,Made in India
Speed,"500-1500 RPM"
Speed,"2000-6000 RPM"
Voltage,"220 V"
Speed,<2000 RPM
grey,all
Power  Source,Electric
Power,"1 HP"
Power Source,Electric
No of Poles,"6"
Current,"0.8 Amps"
Finish Type,Color Coated
Voltage,"220V"
Frequency,"50Hz"
Power,"440"
Motor Brand,Crompton Greaves
Brand,Schneider Electric
IP Rating,IP44
Motor Voltage,"380 V"
Class,F
Body Material,MS
Surface Finish,Color Coated
Voltage,"220V"
HP,"1.5"
Pipe Size,"25 x 25 mm"
Speed,"2880 rpm"
Brand,Usha
Pipe Size,"15 X 15 mm"
Head Range,"6 to 24 m"
Discharge In LPH,"1600 to 660"
Type of Motor,Ferrari 458 Motor 201 44790 Kilometer 284069 Complete Engine
Brand,Siemens
Power,"101-200 KW"
Power,"300 KW"
Phase,Three Phase
No of Poles,"10"
No of Poles,"6"
Automation Grade,Manual
Color,"Black,Blue,Grey"
Maximum Discharge Flow,Less than 100 LPM
Rated Power,"101-200 KW"
Rated Power,"201-300 KW"
Cooling Method,Water Cooled
Motor Horsepower,"0.5 HP"
Motor Horsepower,"1 HP"
Motor Horsepower,"3 HP,5 HP,6.5 HP,8 HP,10 HP"
Material of Construction,Cast Iron
Material of Construction,Steel
Voltage,"220 V"
Power,"300 KW"
Voltage,"12V - 24V - 36V - 48V - 90V - 110V - 180V - 220V"
Protection,"IP-20, IP-44, S1, S2, S3, Duty cycle"
Power (HP),"1000HP"
Phase,Single Phase
Power,"1.5 kW"
Power,"3 hp"
Power,"7.5 hp"
Power,"1 HP"
Power,"1.5 Hp"
Power,"7.5 hp"
Power,"7.5 hp"
Power,"400 HP"
Type,AC
Horsepower,"3 HP"
Usage/Application,Industrial
Phase,Single Phase
Phase,Three Phase
Phase,THREE PHASE
Brand,Mitsubishi
Type,AC
Ambient Temperature,"0-52 Deg C"
Power,"0.5 HP/0.32kW"
Material,Mild Steel
Mounting Type,Foot Mounting
Ambient Temperature,"20 Deg C to 65 Deg C"
Voltage,"440"
Power,"50 kW"
Voltage,"415 V"
Ambient Temperature,"60 Degree Celsius"
Gear Type,Helical
Motor Horsepower,"3HP"
Material,"Cast Iron , Aluminium"
Speed,"960/1440/2800 RPM"
Voltage,"415V"
Usage/Application,Industrial
Power,"101-200 KW"
Phase,Three Phase
Power,"10-100 KW"
Mounting Type,Flange
Material,Copper
Phase,Single Phase
Speed,"2000-6000 RPM"
Type,AC
Material,MS
IP Rating,IP55
Phase,"3 Phase"
Brand,OME
Phase,Single Phase
Speed,"2000 RPM"
Mounting Type,Foot Mounted
Power,"2 HP"
Type,AC
Type,AC
Voltage,"220 V"
Speed,<2000 RPM
Phase,"3"
Speed,"2000-6000 RPM"
Ambient Temperature,"4000"
Power,"0.75 kW"
Mounting Type,Foot
Power,"10-100 KW"
Ambient Temperature,Not Fix
Power,"5 HP"
Power,<10 KW
Usage/Application,Industrial
Rated Power,"0.25 To 1400 HP"
Air Volume,"3000 Cfm"
Brand,UMA Electric
Shape,Rectangular
Horsepower,"1 HP"
Speed,>14000 RPM
Brand,TRT
Speed,"2000 RPM"
Phase,Single
Horsepower,"1 HP"
No. of Poles,"4"
Brand,Rado
Material,Mild Steel
Usage/Application,Industrial
Product Type,Booster Pump
Speed,"1000 rpm"
Voltage,"415 V"
Phase,Three
Speed,"2000-6000 RPM"
Speed,"1100 RPM"
Phase,SIngle
Voltage,"240"
Brand,Priti Electricals
Number of Ways,"6-Way"
Finishing,Matte
Frame,Cast Iron
Insulation Type,Class H
Current,"1450 Amp"
Speed,<2000 RPM
Speed,"2000-6000 RPM"
Features,Crack Resistant
Surface Finish,Powder Coated
Usage/Application,Industrial
Bearing Lubrication,Permanent
Usage/Application,Industrial
Frame Size,"63z TO 355L"
Duty,"S1,S2,S3 and S4"
Material,Cast Iron
Number Of Poles,"2 ,4,6,8 poles"
Features,IE2 STD
Shape,"Round ,Square Etc"
Frequency,"50 Hz"
Automation Grade,Automatic
Material,Mild Steel
Number Of Poles,"2"
Number Of Poles,"2"
Pressure,"2500Psi"
Color,Green
Number Of Poles,"2"
Surface Treatment,Paint Coated
Number Of Poles,"2"
Number Of Poles,"2"
Number Of Poles,"4"
Usage/Application,Industrial
Design Type,Centrifugal
Dimensions,"20 x 22 x 22 Centimeters"
Size,"26 x 12 inch (LxW)"
Country of Origin,Made in India
Centrifugal Force,yes
I Deal In,New Only
Country of Origin,Made in India
Mounting,FOOT / FLANGE / FOOT CUM FLANGE / FACE
Terminal Box Location,Top
Number Of Poles,"2"
Shape,Round (Head)
Usage/Application,Textile Industry
Size,"18X16X12(LXWXB)"
Surface Treatment,Color Coated
Number Of Poles,"4"
Material,Copper(Binding)
IP Rating,IP45
Motor Type,AC
Frequency,"50 Hz"
IP Rating,IP45
No of Phase,Three Phase
Number Of Poles,"Available in 2,4"
IP Rating,"55 (As per IS4691)"
Insulation Class,Class F
Installation After Sales Service,Yes
Material,Cast Iron
Frequency,"50 Hz"
Warranty,AS Per Company Norms
AMC,Yes
Frame Size,Up to 180
Finishing,polished
Frequency,"50 Hz"
IP Rating,IP 55
Surface Treatment,"Color ,Powder coating"
Size,"6inch (L)"
Frame,"90 f"
Frame Size,"200L"
Polarity,"4,6,8"
Protection,IP55
Power,Customize
Power,"10-100 KW"
Motor Type,DC
Usage/Application,Industrial
Power Source,Electric
Power,"1.1 KW"
Motor Type,Electric Motor
Rated Voltage,"230 V"
Brand,Boshco
I Deal In,New Only
Size,standard
Working Moments,Standard
I Deal In,New Only
I Deal In,New Only
Power,"5 HP / 7.5 HP"
Frequency,"50 Hz"
Phase,Three Phase
Material Grade,EN24
Frequency,"50Hz"
Power Source,Electric
IP Rating,ip44 & ip54
Horse Power,"3 HP"
Power Source,Electric
Brand,Impel Motors
Voltage,"240 V"
Phase,Single
Engine Type,Petrol Engine
Displacement,"118 cc"
Fuel Capacity,"2.5 Litres"
Lubrication System,Splash
Net Power Output,"1.98 kW"
POLE,"2"
MOUNTING,FOOT
Voltage,"220 V"
Type,Industrial AC Motor
Suitable,For	Industries
Phase,"3 Phase"
Power,"1.1 KW"
Phase,Single Phase
Phase,Three
Phase,THREE PHASE / 3 PHASE /1 PHASE
Brand,Balaji Engineering
Country of Origin,Made in India
Speed,"3000 rpm"
Horsepower,"1.5 HP"
No. of Poles,"2"
Voltage,"415 V"
Power Rating,"2.2 kW"
Phase,Three Phase
Winding Material,Aluminium
Speed (in RPM),"960 RPM"
Power (in HP),"2 HP"
Power Rating,"5.5 kW"
Power Rating,"3.7 kW"
Phase,Single Phase
Motor Type,AC Induction
Motor Poles,"2 Pole"
Mounting Type,Foot Mounted
Efficiency Class,IE2
Speed,"1300-1500 RPM"
Voltage,"440 V"
No of Poles,"2, 4, 6, 8, 10"
Mount Type,Flange Mount
Power Source,Electric
Blower Type,Centrifugal Blower
Frequency,"55Hz"
Voltage,"240V"
Voltage,"220 - 380 V"
Phase,Three Phase
Material,Cast Iron
Application,"Transfer car, Wheel, Sprocket, Roller conveyor, Pulley, Drum, Gear"
Frequency,"50Hz"
Output power Continues,Up to 2.4 Hp
Surface Finish,Polished
Phase,"3 Phase"
Speed,"1440 RPM"
Power,"5HP"
Brand,Leader
Voltage,"220 V"
Power,"0.5 A"
Rated Power,"10-100 KW"
Motor Phase,Single Phase
Cooling Method,Air Cooled
Motor Voltage,"220 V"
Number of Stops,"5-10"
Type of Motor,DC
Power,<10 KW
Power,"10-100 KW"
No of Poles,"8"
Brand,Crompton
Brand,ABB
Brand,Hindustan
Voltage,"240 V"
No. of Poles,"4"
Mounting Type,Flange
Voltage,"220 V"
Speed,"2000 RPM"
Speed,"1400RPM/2800 RPM"
Type,ALUMINIUM / CASTING
Brand,UNICORN
Motor Speed,"2880 RPM"
Speed,"750 rpm"
No. of Poles,"4"
Voltage,"220 V"
Mounting Type,Foot
Speed,<2000 RPM
Type,Copper Motor
Brand,"SIEMENS ,,,ABB,,,,,CROMPTON"
Frequency,"50 Hz"
Material,Mild Steel
Frequency,"50 Hz"
Material,Aluminium
Country of Origin,Made in India
Material,Mild Steel
Features,MS BODY
Number Of Poles,"4"
Country of Origin,Made in India
Frame Size,"90"
Shape,vrticle
Voltage,"230V"
Material,Mild Steel
Warranty,"12 months"
Power Source,Electric
Number Of Poles,"2"
Country of Origin,Made in India
Number Of Poles,"2"
Country of Origin,Made in India
Shape,Round
Country of Origin,Made in India
Material,Cast Iron
Power Source,Electric
Finishing,Color Coated
Voltage,"240V"
Power Source,Electric
Frequency,"50Hz"
Power Rating,"2.2 kW"
Phase,Three Phase
Motor Type,Stepper Motor
Material,Galvanized Iron
Speed,"1200 RPM"
Speed,"1400 RPM"
Type of Motor,AC
Ussage/Application,"Create the power to run conveyors, pumps, air moving systems, and many other needs in the toughest i"
Material Grade,MS 305
Voltage,"230V"
Brand,ABB
Power,"3 HP"
Speed,"2800 RPM"
Power,"500 KW"
Power,"1HP"
Frequency,"50Hz"
Phase,Three Phase
Type of Motor,DC
Power,<10 KW
Power,"10-100 KW"
Power,"101-200 KW"
Power,"201-300 KW"
Material,Mild Steel
Power,"3 HP"
Frequency,"50-60Hz"
Power,"10-100 KW"
Ratio,"16, 32, 55"
Available,TENV-SPDP
Mass,"1.3 kg"
Torque,"0.8 NM"
Warrenty,"1 Year"
Frequency,"50 - 60 Hz"
Surface treatment,Color Coated
Material,Mild Steel
Phase,Single Phase
Motor,"25 kg"
Material,Mild Steel
Power Supply,"230 Vac, 50/60 Hz"
Discharge In LPH,"5000 to 1900"
Head Range,"10 to 45 m"
HP,"0.5"
Color,Black
Warranty,Resale
Rated Power,<10 KW
Power Source,Electric
Motor Horsepower,"2 HP"
Usage,Industrial Use
Motor Phase,Three Phase
Color,Grey
Power,"2HP"
Usage/Application,"Create the power to run conveyors, pumps, air moving systems, and many other needs in the toughest i"
Frequency,"50Hz"
Ambient,"50 Deg C"
Voltage,"415V"
Model,"2SR2"
Power,"15.0 kW"
Material,Stainless Steel
Shape,Round
Finish,Glossy
Size (Top Diameter/Length),"4 inch (10 cm)"
Recommended Use,Indoor
Material,Metal
Motor Type,DC Motor
Power Rating,"2.2 kW"
Motor Poles,"4 Pole"
Phase,Three Phase
Number Of Poles,"6"
Country of Origin,Made in India
Frame Size,"063 to 112"
Features,"0,75 kW"
Service Factor,"1.0 / 1.25"
Horse Power,"180 hp"
Color,Green
Question,RAMDEV TRADERS
Voltage,"220V"
Voltage(V),"200-240V"
Type of Motor,AC
Phase,Three Phase
Power,"160 KW"
Power,"5  hp"
Power,"0.18 - 15KW"
Voltage,"220 V"
Type,Copper Motor
Brand,C R MOTORS
Power,<10 KW
Phase,Three Phase
Type,AC
Brand,GEM
Usage/Application,Agriculture
Current,"5A"
Phase,Triple Phase
Usage/Application,E Rrickshaw
Type,Automatic
Voltage,"230 V"
Speed,"2000-6000 RPM"
Phase,Single Phase
Brand,ABB
Usage/Application,Industrial Use
Speed,"2000-6000 RPM"
Power,<10 KW
Voltage,"220-400 V"
No of Phase,Three Phase
No. of Poles,"4"
Phase,"1/3"
Speed,<2000 RPM
Speed,"1430 RPM/960 RPM/2830RPM"
Voltage,"220 V"
Voltage,"690 V"
Phase,Single Phase
Speed,"10-300RPM"
Voltage,"415/230V"
Brand,Standard
Mounting Type,Standard
Ambient Temperature,Standard
Power,<10 KW
Ambient Temperature,"45 Degree celsius"
Speed,"3000 RPM"
Brand,LHP
Phase,Both
Voltage,Standard
Voltage,"48 V DC"
Casing Material,Aluminum
Motor Speed,"1440rpm"
Voltage,"440V"
Automation Grade,Semi Automatic
Brand,ABB
Speed,<2000 RPM
Phase,"3"
Voltage,"440"
Mounting Type,M1 - M6
Speed,<2000 RPM
Speed,"1500 rpm"
Voltage,"220 V"
Mounting Type,Foot
Features,High performance
Frame Size,standerd
Shape,Standerd
Size,as per requirement
Country of Origin,Made in India
Country of Origin,Made in India
Number Of Poles,"6"
Features,AS PER APPLICATION
Shape,TEFC
Country of Origin,Made in India
Number Of Poles,"4"
I Deal In,New Only
Speed,"2880 rpm"
Type of Motor,DC
Speed,<2000 RPM
Maximum Discharge Flow,> 5000 LPM
Discharge Outlet Size,Less than 25 mm
Frequency,"50 Hz"
Type of Motor,AC
Warranty In Months,"12"
Number Of Poles,"2"
Features,"1 HP"
Shape,FOOT
Warranty,"1 Year"
Material,MS
Type of Motor,AC
No of Phase,Single Phase
Speed,<2000 RPM
I deal in,New Only
I Deal In,New Only
Usage/Application,As per requirement
Capacity,"400 to 3000 Kg"
Shape,Cylinder
Speed,"10001-14000 RPM"
Speed,>14000 RPM
Number Of Poles,"4"
Weight,"6kg"
Frame Size,"80"
Number Of Poles,"4"
Frame Size,ALL
Frequency,"50 Hz"
Brand,SIEMENS
Phase,"1 phase and 3 phase"
Frequency,"50 Hz"
IP Rating,IP23
Frame Size,"71 to 335 F"
Insulation Class,F
Material,Cast Iron
Type of Motor,AC
Material,ms
Voltage,"220V"
Power,"1.5HP"
Frequency,"45Hz"
Voltage,"230V"
Usage/Application,"Create the power to run conveyors, pumps, air moving systems, and many other needs in the toughest i"
Motor Power,"1.5 HP"
Brand,Triple-D
Voltage,"220/415 V"
Mounting Type,Foot Mount
Mounting Type,Foot cum Flange Mount
No of Poles,"4"
No of Poles,"8"
Mounting Type,Flange Mount
No of Poles,"2"
Payment Term,Advance
Brand,GD Tech
Brand,CGL
Brand,BESTON
Uses,Industrial
Power,"2 hp"
Power,"2 kW"
Power,"1 HP"
Phase,Single Phase
Power,"0.5 To 5 HP"
Power,"1 HP"
Power,"1HP"
Phase,Three Phase
Power,"3 HP (2.2 kW)"
Power,"5  hp"
Speed,"1440 /2800"
Brand,nova
Brand,FENNER
Voltage,"220 V"
IP Rating,IP44
Speed,<2000 RPM
Type,Copper Motor
Mounting Type,Foot Mount
Speed,<2000 RPM
Type,Copper Motor
Type,Three Phase Electric Motor
Voltage,"415 V"
Speed,"1440 rpm"
No. of Poles,"4"
Mounting Type,Foot
Speed (RPM),"1500 RPM (4 Pole)"
Mounting Type,Foot/Flange/Face
Frame Size,"112"
Frequency,"50 Hz"
Country of Origin,Made in India
Country of Origin,Made in India
Frequency,"50 Hz"
Country of Origin,Made in India
Brand,MOHIL
Material,Cast Iron
Material,MS
Motor Type,Gear Motor
Brand,Kirloskar
Winding Material,Copper
Power Source,Electric
Frequency,"60 Hz"
Speed,"750 rpm"
Voltage,"220 V"
Mounting Type,Foot
Phase,Single-phase & Three-phase
Voltage,"220/230 V (Single-phase) 415 V (Three-phase)"
Speed (RPM),~1425–1440 RPM (4-pole) 3000 RPM (2-pole) 1000 RPM (6/8-pole)
Frequency,"50 Hz (Indian standard)"
Country Origin,Made In India
BRAND,SHUBH ELECTRICAL ENGEENIERING
COUNTRY ORIGIN,MADE IN INDIA
BRAND,SHUBH ELECTRICAL ENGEENIERING
Motor Type,AC Induction
Power Rating,"0.25 kW"
Phase,Single Phase
Power Source,Electric
Brand,Stark
Material,"Cast,Iron"
Frequency,"50,Hz"
IP Rating,IP55
Type of Motor,AC
Voltage,"415,V"
Phase,Single Phase
Color,"Black,Blue,Grey"
Warranty,"1 year"
Motor Horsepower,"3 HP"
Motor Horsepower,"5 HP"
Type of end use,Agricultural
Type of end use,Resale
Cooling Method,Water Cooled
Material of Construction,Steel
Power Source,Electric
Power,"355Kw up to 1250kW"
Power,"1000 kW"
Type,Low Voltage
Speed (RPM),"2880"
Brand,Kirloskar
Usage,Irrigation
Usage,Irrigation
Frame Size,As Per Requirement
Portable,Yes
Pipe Size,"25 x 25 mm"
Phase,Single Phase
Phase,Three Phase
Usage,Agriculture
No of Poles,"1"
No of Poles,"10"
Phase,Single Phase
RPM,From 1440 to 2800
Motor Phase,Three Phase
Material,Mild Steel
Frequency,"50-60 Hz"
Finishing,Paint Coated
No of Phase,Three Phase also available in single phase
RPM,Customized
Brand,Crompton Greaves
Brand,Any
Brand,Ferrari 458 Motor 201 44790 Kilometer 284069 Complete Engine
Phase,Single Phase
Brand,Belko
Speed,"1500 rpm"
Voltage,"440 V"
Brand,Hindustan
Usage,Used To Convey The Load To Different Areas At A Very High Speed
Mounting,"B3, B5"
Phase,Single Phase
Phase,Single Phase
Phase,Single Phase
Horsepower,"5 HP"
Phase,Single Phase
Power,"3 HP"
Power,"15HP"
Type of Motor,AC
Frequency,"50Hz"
Type of Motor,AC
Power,"201-300 KW"
No of Poles,"2"
No of Poles,"4"
Voltage,"220V"
Driver,"6 kg"
Phase,Single Phase
No of Poles,"4"
Frequency,"50 Hz"
IP Rating,IP 23
Insulation Class,E&F
Warranty,"1 Year"
Finish,Coated
IP Rating,IP55
Brand,Crompton Greaves
Type of Motor,AC
uses,recycling
size,as per customer requirement
Length,"225-257"
Power KW,"0.075-0.18"
Speed range,"60 RPM to 220 RPM"
Brand,Delta Motor
Material,Cast Iron
Frame Size,"90 to 132 F"
Bearing Type,"2 Z"
Brake Type,DC brake.
IP Rating,IP 55
Winding Wire,Copper
Phase Type,Three Phase
RPM,"1440"
Square,"20kg"
Phase,Three Phase
Type of Motor,AC
Color,Green
Power,"7.5 KW"
Power Rating,"7.5 kW"
I Deal In,New Only
Efficiency Class,IE2
Phase,Single Phase
Motor Type,AC Induction
Power Rating,"0.25 kW"
Rated Voltage,"380 V"
Motor Poles,"4 Pole"
Mounting Type,Foot Mounted
Rated Voltage,"415 V"
Motor Poles,"4 Pole"
Phase,Three Phase
Country of Origin,Made in India
Mounting Type,Foot Mounted
Motor Type,AC Induction
Number Of Poles,"4"
Efficiency Class,IE3
Enclosure,TEFC
Automation Grade,Automatic
Ingress Protection,IP54
Duty Type,S4
Voltage,"220-240 V"
Brand,kirloskar
Power,"333W"
Type of Motor,AC
Voltage,"220-440 V"
IP Rating,IP65
Power,"0.25 HP"
No of Poles,"10"
Power,"10-100 KW"
Power,"101-200 KW"
Power,"201-300 KW"
Power,"5 HP & 7.5 HP"
Phase,Three Phase
Brand,Power Marshal
Type of Motor,DC
Power,<10 KW
Brand,Krishna
Diameter,"30mm"
Type,AC
Material,Mild Steel
Usage/Application,Dust Collector
Power,"100 KW"
Material,Mild Steel
Engine Horsepower,"2 HP"
Phase,Three Phase
Ambient Temperature,"20 Deg C to 65 Deg C"
Brand,Siemens
Speed,<2000 RPM
Brand,Siemens
Power,"10-100 KW"
Power,<10 KW
Brand,INDIAN-IMPORTED
Phase,"3PHASE"
Speed,"2000-6000 RPM"
Speed,"1500 rpm"
No. of Poles,"6"
Mounting Type,Foot
Voltage,"220 V"
No. of Poles,"2"
Number Of Poles,"2"
Surface Treatment,Polished
Number Of Poles,"2"
Number Of Poles,"2"
Country of Origin,Made in India
Mounting Type,Plug-In
Type of Motor,AC
Speed,"2880 rpm"
Country of Origin,Made in India
Frequency,"50 Hz"
Speed,<2000 RPM
Speed,"2000-6000 RPM"
Speed,"6001-10000 RPM"
Number Of Poles,"2"
Warranty,"1 Year"
Bearing Lubrication,"2 RS"
Duty,S1 to S4
Weight,Approx 15 kg onwards.
I Deal In,New Only
Frequency,"60 Hz"
Usage/Application,Use As Spare Parts For Workshop Power Tools etc
Usage/Application,Vibration Motor
Material,Iron and Aluminum
Efficiency,IE3
Number Of Poles,"2"
Size,"18X16X15(LXWXB)"
Brand,R. K. Agencies & Foundry
Material,Cast Iron (Body)
Capacity,"1.5HP"
IP Rating,IP44 / IP55
Frame Size,"63 TO 455 FREAM ALL TYPE MOTORS"
Frequency,"50Hz"
Color,Orange and Silver
Features,IE2-IE3
Country of Origin,Made in India
Surface Treatment,Color Coated
Material,Mild steel
I Deal In,New Only
IP Rating,IP65
Warranty,"6 months"
Current,"7.5"
Phase,Single Phase
Usage/Application,industrial
Country of Origin,Made in India
Lead Wires,Yes
Power Source,Electric
Temperature,"150 Deg C"
Country of Origin,Made in India
Speed,"540/720/960/1440/2800 RPM"
Type of Motor,DC
Usage/Application,Industrial
Phase,"3"
Number Of Poles,"1"
Power Source,Electric
Phase,"3 ph & single ph"
Power,"3 ph & single ph"
Phase,Both
Phase,bOTH
Number Of Poles,"6"
Power Output,"1 HP (0.75 kW) to 300+ kW (common: 2 HP, 5 HP, 15 HP)"
Surface Finish,Polished
Speed,"1440 RPM"
Power Source,Electric
Rated Output,"0.18 to 500KW"
Warranty,"3 Years"
Certification,"BIS: High Efficiency (IE2) and Premium Efficiency (IE3),  CE Marking: Premium Efficiency (IE3)"
Mounting,Foot
Material,Mild Steel
Color,Blue
Usage/Application,Industry
Capacity,"5 Ton"
Frequency,"50 Hz"
Usage/Application,Industrial
Voltage,"220 V"
Color,Black
Phase,Single Phase
Phase,Single
Phase,Three Phase
Motor Type,AC Induction
Power Rating,"1.5 kW"
Phase,Three Phase
Motor Poles,"2 Pole"
Efficiency Class,IE3
Phase,"3 Phase"
Motor Type,Air Blower
Usage,"Create the power to run conveyors, pumps, air moving systems, and many other needs in the toughest i"
Speed,"1440 -2880 RPM"
Voltage,"500 - 575 V"
Speed,"2000-6000 RPM"
RPM,"5342"
Material,Cast iron
Phase,Three Phase
Warranty,"12 Months"
Head Range,"3 to 24 m"
Pipe Size,"25 x 25 mm"
HP,"0.5"
Head Range,"6 to 25 m"
Discharge In LPH,"3000 to 180"
IP Rating,IP44
No of Poles,"2"
Power Source,Electric
HP,"0.5"
Frequency,"50/60 Hz"
IP Rating,IP65
Torque,"50 Nm"
Voltage,"315 V"
No of Poles,"4"
Power,"300 KW"
Power,"0.18 HP TO 50 HP."
No of Poles,"6"
No of Poles,"10"
Phase,Single Phase
Discharge In LPH,"2220 tp 540"
Motor Horsepower,"2 HP"
Motor Horsepower,"0.5 HP,1 HP,6.5 HP,8 HP,10 HP"
Type of end use,Industrial
Type of end use,Domestic
Motor Phase,Single Phase
Cooling Method,Air Cooled
Material of Construction,Cast Iron
Frequency,"50-60 Hz"
IP Rating,IP44
Phase,Three
Speed Type,"1440 RPM"
RPM,"960 - 30000 RPM"
Power,<10 KW
Brand,HD Industries
Voltage,"230 V"
Type of Motor,AC
Phase,Single Phase
Phase,Three Phase
Type of Motor,AC
Material Of Construction,Cast Iron
Power Source,Electric
Phase,Single Phase
Phase,Single Phase
Usage,Agriculture
Type,Low Voltage
Speed (RPM),"2880"
Frequency,"50-60 Hz"
Phase,Single Phase
No of Poles,"6"
No of Poles,"8"
Voltage,"220-240 V"
Source,Electric
Power,"1.5kw"
Power Rating,"750 kw"
Efficiency,IE2
Efficiency Class,IE2
Power Rating,ALL
Motor Poles,ALL
Mounting Type,ALL
Phase,Three Phase
Ingress Protection,IP55
Duty Type,S1
Rated Voltage,"415 V"
Efficiency Class,IE2
Motor Type,AC Induction
Enclosure,TEFC
Motor Poles,"6 Pole"
Material,Cast Iron
Mounting Type,Foot Mounted
Motor Type,AC Induction
Type,Induction Motors
Phase,Three Phase
Efficiency %,"60-70"
Phase,Three Phase
Mounting Type,Foot
Power Rating,"200 kw"
Motor Type,AC Induction
I Deal In,New and Second Hand
Ingress Protection,IP55
Mounting Type,Foot Mounted
Number Of Poles,"4"
Duty Type,S1
Rated Voltage,"415 V"
Motor Poles,"4 Pole"
Efficiency Class,IE2
Enclosure,TEFC
Phase,Three Phase
