keyword,mcat_name,mcat_id
Cooler Motor,Cooler Motor,52897
Actuators,Valve Actuators,40795
130 Flat Motor,Cooler Motor,52897
ap fan motor & fresh air moter,Fan Motor,28231
a.c. induction motor,AC Induction Motor,21550
Siemens Sipart Ps2 Positioner Model 6dr5,Siemens Actuators,193967
Ac Outdoor Fan Motor,AC Fan Motor,146600
siemens-electric-motors,Siemens Electric Motor,184089
SIEMENS SIMOTICS S-1FK2  SERVO MOTOR 1FK2104-6AF01-1MB0 1 kW,Siemens Servo Motors,184102
yako tech ms s3,Cooler Motor,52897
brushless dc motor,Brushless DC Motor,15240
ABB Electric Motor,ABB Electric Motor,181114
sensor plate,Motor Plate,190101
electronic components bo moters,DC Motor,445
1500 kv ccw multirotor motor,Brushless Motors,23616
Panasonic Geared Motor,Panasonic AC Geared Motor,193239
worm geared brake motor,Geared Brake Motors,44652
eletical motors 40hp,Three Phase Motor,2415
Rotomotive Induction Motor 3 Phase,Three Phase Induction Motor,131725
100 W Chimney Motor,Chimney Motors,443256
1 for reselling piece Panasonic Geared Motor,Panasonic AC Geared Motor,187161
Motor Cover,Motor Cover,117875
b04420065,Single Phase Induction Motor,9483
1 piece Slip Rings,Slip Rings,37229
venex 3 phase dol motor starter,DOL Starter,26266
Used Crompton Greaves Motor,Used Motors,178664
Mobile Starter Prime,Mobile Starter,161896
1kw( 1.3hp) bldc motor,Brushless DC Motor,15240
1kw( 1.3hp) bldc motor near jharsuguda,Brushless DC Motor,15240
spg motor,Single Phase Motors,9484
crompton greaves motor 5 hp 3.70 kw 3 phase 1450 rpm foot mount,Crompton Greaves Motor,126348
Vacuum Cleaner Motors,Vacuum Cleaner Motors,40749
Siemens Electric Three Phase Motor,Siemens Electric Motor,184089
panasonic gear box MY9G30B,Panasonic AC Servo Motor,187161
Three Phase Dol Starter (elcw-s-digi),DOL Starter,26266
Motor Plate,Motor Plate,190101
three phase dol dry run motor starter,DOL Starter,26266
Single Phase Electric Motor,Single Phase Motors,9484
auto switch,Motor Automatic Switch,140407
Mdt Knx Actuator Automation Products Dealer,Knx Actuators,184101
Three Phase DOL  Auto Switch With Timer With Connector (Rocker Switch),DOL Starter,26266
Hydraulic Motor,Hydraulic Motor,10834
sliding door motor,Door Motor,52902
solenoid-switches,Solenoid Switches,7646
symphony air cooler motor,Cooler Motor,52897
PBL Geared Motors,PBL Geared Motors,206096
super max oil immersed dol motor starter,DOL Starter,26266
Sunflag Table Fan Motor,Fan Motor,28231
Industrial Motors,Industrial Motors,52915
crompton 3 phase motor 7.5 hp i3,Crompton Greaves Motor,126348
linear actuator control board,Linear Actuator Controller,166531
panasonic gar box,Gear Motor,29373
ड्रोन डीसी मोटर,DC Motor,445
single phase servo motor,DC Servo Motor,13275
single phase mild steel geared motor,Single Phase Motors,9484
Gold Power Single Phase Induction Motor,Single Phase Induction Motor,9483
Siemens 3TW72911AW78,Siemens Servo Motors,184102
Siemens 3TW72911AW74,Siemens Servo Motors,184102
Siemens 3TW72911AW72,Siemens Servo Motors,184102
Siemens 3TW72911AW71,Siemens Servo Motors,184102
Vertical Hollow Shaft Motor Service,Vertical Hollow Shaft Motor,44655
Siemens 3TW72911AW69,Siemens Servo Motors,184102
Siemens 3TW72911AW68,Siemens Servo Motors,184102
Siemens 3TW72911AW66,Siemens Servo Motors,184102
Siemens 3TW72911AW64,Siemens Servo Motors,184102
100 HP to 2000 HP  Slip Ring Motor Starter,Slip Ring Motor Starter,446528
Crompton Single Phase Electric Motor,Crompton Greaves Motor,126348
6 for business use piece electronic Valve Positioners,Valve Positioners,40629
drondch motor,DC Motor,445
STP-43D2035 Stepper Motor,Stepper Motor,18794
SIEMENS SIMOTICS S-1FK2  SERVO MOTOR 1FK2104-6AF01-1MB0,Siemens Servo Motors,184102
Crompton 0.5hp Motor,Crompton Motors,446133
Jencode Hollow Shaft Encoder,Hollow Shaft Encoders,30451
AC MOTARS,AC Motor,444
Hadrulicl Power motar,Hydraulic Motor,10834
RC Car Brushless ESC Platinum Edition 120A,Brushless Speed Controller,15240
RPG15Q Motor,AC Servo Motor,14970
Honeywell V4055 Fuild Power Actuator,Honeywell Actuators,203382
servo motor .,AC Servo Motor,14970
L & T SOFT STARTOR,Soft Starters,12256
775 dc motor,DC Motor,445
Brake Motors,Brake Motors,21078
1FK2104-6AF01-1MB0,Siemens Servo Motors,184102
Electric Motor,Electric Motor,1274
3 phase 415 V 0.09KW Motor,Three Phase Electric Motor,52930
crompton motors crompton motor 5 hp single phase near patna,Crompton Greaves Motor,126348
12v 775 Dc Motor,DC Micro Motors,25372
Linear Actuator,Linear Actuator,32181
Gold Power Single Phase Induction Motor,Single Phase Induction Motor,9483
dc motors,DC Motor,445
dol starter,DOL Starter,26266
Wages Patti,Industrial Motors,52915
Lift Motor,Lift Motor,77611
0.25HP Single Phase Electric Motor,Single Phase Electric Motor,52927
12v dc dual shaft motor,Dual Shaft Motor,139590
single phase submersible pump starter,Pump Starter,146491
Bharat Bijlee Ie3 Motor,Bharat Bijlee AC Motor,203388
Crompton Single Phase Vibrator,Vibration Motor,2743
Telescopic Brushes,Telescopic Brush,136910
Carbon Brush,Carbon Brush,903
electric gate motor,Electric Sliding Gate Motor,52905
101-200 KW 1 HP Bharat Bijlee Ac Motor,Bharat Bijlee AC Motor,203388
Auto Switch for 3 Phase Motor,Motor Automatic Switch,140407
crompton motors crompton motor 5 hp single phase,Crompton Greaves Motor,126348
Motors,Three Phase Electric Motor,52930
electrical motor,Three Phase Electric Motor,52930
0.37 KW 0.5 HP Bharat Bijlee Electric Motor,Bharat Bijlee AC Motor,203388
Three Phase Bharat Bijlee Motor,Bharat Bijlee AC Motor,203388
peco pk1 3 phase dol motor starter,DOL Starter,26266
Dol Motor Starter Dmc,DOL Starter,26266
tower-fan-motor,Tower Fan Motor,443716
11 KW 15 HP Crompton Greaves Electric Motor,Crompton Greaves Motor,126348
3 Phase Induction Motor,Three Phase Induction Motor,131725
Siemens Electric Motor,Siemens Electric Motor,184089
3.7 KW 5 HP Crompton Greaves AC motor,Crompton Greaves Industrial Motors,193884
Crompton,Crompton Motors,446133
Crompton Greaves Industrial Motors,Crompton Greaves Industrial Motors,193884
White Motor Starter,Single Phase Motor Starter,226793
SIEMENS SIMOTICS S-1FK2 SERVO MOTOR 1FK2106-4AF10-1MA0 2.7 kW,Siemens Servo Motors,184102
CG Three Phase Crompton Greaves Flameproof Motor,Crompton Greaves Motor,126348
Makita HR-2440 Armature By PowerSpeed,Armature,25
bldc 50w 24v 3000rpm,Brushless DC Motor,15240
Mixer Grinder Motor,Mixer Grinder Motor,84526
3000 rpm 24 v bldc 50w 24v 3000rpm,Brushless DC Motor,15240
three phase 5 ac induction motor piece 10 hp 1440 rpm Three Phase Induction Motor Cg Make 3 HP,Three Phase Induction Motor,131725
motor protection cover,Motor Cover,117875
Dwe4235 Armature,Armature,25
AM Gold Motor Starter,Motor Starter,33567
R. S. Series Geared Motors,Gear Motor,29373
SIEMENS SIMOTICS S-1FK2 SERVO MOTOR 1FK2104-6AF01-1SB0 1 kW,Siemens Servo Motors,184102
3000  rpm 24  v 10 bldc 50w 24v 3000rpm,Brushless DC Motor,15240
24  v 10 bldc 50w 24v 3000rpm,Brushless DC Motor,15240
makita mt240 cb203a cut off carbon brush,Makita Carbon Brushes,194885
2 hp gear motor,Gear Motor,29373
Induction Motor Cg Make,Induction Motors,10971
Dual shaft Motor,Double Shaft Motor,139590
ac servo motor 750w,AC Servo Motor,14970
ats480c66y,Servo Motor,448
Kirloskar Electric Motor,Kirloskar Electric Motor,185261
three  phase 1 ATS480C66Y,Three Phase Electric Motor,52930
l and t mpower pro mobile motor starter,Mobile Starter,161896
zd motor 25 w small ac geared motors 220v,AC Geared Motor,21549
kitchen hood motor,Kitchen Hood Motor,9483
kapcon simi cooler motor,Cooler Motor,52897
Jayashree Rotory Encoder Hollow Shaft,Hollow Shaft Encoders,30451
20w fan dc motor,Fan Motor,28231
Wet Rice Grinders AUE Motors,Wet Grinder Motor,188519
Electronic Starter,Electronic Starter,27659
AC Synchronous Motors,AC Synchronous Motor,45525
Jayashree Encoder  : Hollow Shaft  J-50T,Hollow Shaft Encoders,30451
Motor,Single Phase Motors,9484
Remi Centrifuge Carbon Brush,Carbon Brush,903
High po re,High Voltage Motor,177165
volvo & ir l&t case vibration motor shaft,Vibration Motor,2743
Rawat+Induction+Motors,Single Phase Induction Motor,9483
havells single phase motor,Havells Electric Motor,189725
HAVELLS 3 PHASE MOTORSIE2/IE3,Havells Electric Motor,189725
DHARMENDRA,AC Motor,444
vertical helical gear motor 5 hp,Helical Geared Motor,43308
Bosch parts,Bosch Parts,181114
Panasonic AC Servo Motor,Panasonic AC Servo Motor,187161
squirrel-cage-motors,Squirrel Cage Motors,38675
Belimo Damper Actuator,Belimo Actuator,189943
Squirrel Cage Induction Motor tefc type,Squirrel Cage Motors,38675
fn20c motor,AC Servo Motor,14970
fireproof motor,Flame Proof Motors,21079
Minas A6 Panasonic  Servo Motor & Driver,Panasonic AC Servo Motor,187161
Planetary Gear Motor,Planetary Gear Motor,153816
Squirrel Cage Induction Motor tefc type 415v,Squirrel Cage Motors,38675
vertical helical gear motor,Helical Geared Motor,43308
2 advanced features 2 10 hp mobile starter,Mobile Starter,161896
Helical Geared Motor,Helical Geared Motor,43308
dvd motor,Spindle Motors,38084
2 hp three phase induction motor,Three Phase Induction Motor,131725
Direct oil immersed starter skn Kelson U Kit Set,Oil Starter,142116
Rolling Shutter Motor,Rolling Shutter Motor,77612
Delton Three Single Phase Oil Starter,Oil Starter,142116
Shaft Encoder,Shaft Encoder,44166
CTV 110 Unimotion Servo Motor,AC Servo Motor,14970
Crompton Single Phase Motor,Crompton Greaves Motor,126348
crompton single phase cooler motor,Cooler Motor,52897
crompton greaves energy efficient motor,Energy Efficient Motor,184340
180 Watt Electro Magnetic Brake Motor,Brake Motors,21078
SIEMENS SIMOTICS S-1FK2 SERVO MOTOR 1FK2104-5AK00-0SB0 0.12 kW,Siemens Servo Motors,184102
SIEMENS SIMOTICS S-1FK2 SERVO MOTER 1FK2106-4AF10-0SA0 2.7 kW,Siemens Servo Motors,184102
Servo Motor,AC Servo Motor,14970
copper sewing machine motor armature,Motor Armature,167444
cooler motor high speed,Cooler Motor,52897
cooler hee motor,Cooler Motor,52897
Kerovit Ege Actuation Plate,Motor Parts,150022
ABB Soft Starters,ABB Soft Starters,220182
Bullet Farrata Fan Motor,Fan Motor,28231
happymodel motor,Brushless Motors,23616
Double Shaft Motor,Double Shaft Motor,139590
incubator turning motor,Motor,6624
abb motor,ABB Electric Motor,181114
2hp single phase motor cg model gf7010,Single Phase Motors,9484
2hp single phase motor near kolkata cg model no gf7010,Single Phase Electric Motor,52927
100 HP Slip Ring Motor Starter,Slip Ring Motor Starter,443929
battery operated pmdc motor,PMDC Motor,52920
Automatic Door Motor,Automatic Door Motor,52891
Automatic Rolling Shutters Motor,Rolling Shutter Motor,77612
Nxu Gear Brake Motor In Pune,Geared Brake Motors,44652
Bosch Carbon Brushes,Bosch Carbon Brushes,204469
1 piece 750 watt 3000 rpm AC Servo Motor,AC Servo Motor,14970
Arun D O L Motor Starter,DOL Starter,26266
v12 mobile starter,Mobile Starter,161896
1 hp motor,Three Phase Induction Motor,131725
angle grinder armature,Grinder Armature,652454
ola motor,Single Phase Electric Motor,52927
altistart 22 soft starters,Soft Starters,12256
tawagawa hollow encoder ts 5700n8500,Hollow Shaft Encoders,30451
tawagawa hollow encoder ts-5700n8500,Hollow Shaft Encoders,30451
actuator model %3A rr a50 d,Linear Actuator,32181
86HS120 Two Phase Stepper Motor,Stepper Motor,18794
86 HS 65 Two Phase Stepper Motor,Two Phase Stepper Motor,13374
Ola motot,Ola Electric Motor Parts,205465
Swing Gate Motor,Electric Sliding Gate Motor,52905
COPCARBON BRUSH 25X40X10,Power Tool Carbon Brush,190885
DC GEAR MOTOR,DC Geared Motor,25556
motor-armature,Motor Armature,167444
57 HS 22 Two Phase Stepper Motor,Two Phase Stepper Motor,13374
57 HS 13 Two Phase Stepper Motor,Two Phase Stepper Motor,13374
57 HS 09 Two Phase Stepper Motor,Two Phase Stepper Motor,13374
el%20tech%20motors,Three Phase Electric Motor,52930
Leadshine ISV5713V36 1000 AC Servo Motor,AC Servo Motor,14970
PDA Sliding Gate Motor,Electric Sliding Gate Motor,52905
42 HS 02 Two Phase Stepper Motor,Two Phase Stepper Motor,13374
Jencoder Hollow Type  Rotary Encoder J-50T,Hollow Shaft Encoders,30451
Inverter Duty Induction Motors,Inverter Duty Motor,131724
39 HS 02 Two Phase Stepper Motor,Stepper Motor,18794
aluminium bell,Aluminium Die Cast Rotors,120951
spindle-motors,Spindle Motors,38084
Schneider Ats48 Soft Starter Repairs,Starters Repair Service,174217
Jencoder Rotory Encoder : Hollow Type,Hollow Shaft Encoders,30451
swing starter,Electronic Starter,27659
Rhino 12V DC 30RPM 70Kgcm IG32 Heavy Duty Planetary Geared Motor,Heavy Duty Motor,55774
18 inch g c exhaust fan motor housing,Motor Housings,33555
SIEMENS SIMOTICS S-1FK2 SERVO MOTOR 1FK2104-6AF01-1SB0,Siemens Servo Motors,184102
12v bldc,Brushless DC Motor,15240
1 Inch Kit Cooler Motor,Cooler Motor,52897
Jencoder Hollow Shaft Rotary Encoder J-50T,Hollow Shaft Encoders,30451
110HS20 Two Phase Stepper Motor,Two Phase Stepper Motor,13374
Toothed Belt Axis Egc-tb,Tooth Belt,40629
lifting-column-actuator,Linear Actuator,32181
Electric Rotary Actuators,Rotary Actuators,36873
Single Phase Motors,Single Phase Motors,9484
AC Servo Motor,AC Servo Motor,14970
Unbalance Motors,Unbalanced Vibratory Motor,184118
Starters,Starters,7853
industrial-electric-motor,Three Phase Electric Motor,52930
siemens motor,Siemens Electric Motor,184089
Marsh Actuators,Actuators,3148
Spindle Motors,Spindle Motors,38084
carbon brush size: 08 x 20 x 30mm,Carbon Brush,903
1FK2104-6AF01-1SB0,Siemens Servo Motors,184102
spal blower motor,Blower Motors,23098
VDS Automatic Sliding Gate Motor,Electric Sliding Gate Motor,52905
BLDC Motor Sa42bld002 - 3000 Rpm 24vdc 52 Watt,Brushless DC Motor,15240
Electric Actuator,Electric Actuator,27216
Hollow Shaft Rotary Encoder :Jencoder,Hollow Shaft Encoders,30451
75 acrylic square 2 x 2 inch piece Photo print Polaroid Fridge Magnets Neodymium Acrylic,Magnet,15220
double shaft encoder gear motor,Double Shaft Motor,139590
960 rpm 1 foot mounted 15 hp three phase electric motor,Three Phase Electric Motor,52930
SIEMENS SIMOTICS S-1FK2 SERVO MOTOR 1FK2104-6AF10-0MB0 1 kW,Siemens Servo Motors,184102
Y07-59d1-17155 Stepper Motor,Stepper Motor,18794
Schneider Electric BSH0703P11A2A Servo Motor,AC Servo Motor,14970
bldc motor,Brushless DC Motor,15240
double shaft gear motor,Double Shaft Gear Motor,139590
ATS22 Softstarter Repair Service,Soft Starter Repair,174217
ac bus blower motor 24 v spal,Blower Motors,23098
dc motor 8 watt,DC Motor,445
crompton-greaves-industrial-motors,Crompton Greaves Industrial Motors,193884
bus  ac dual shaft 1330 RPM BLOWER FAN MOTOR,Blower Motors,23098
air  conditioning dual shaft 1330 RPM BLOWER FAN MOTOR,Blower Motors,23098
Siemens Servo Motors,Siemens Servo Motors,184102
Kitchen Chimney Motor,Chimney Motors,443716
SIEMENS SIMOTICS S-1FK2 SERVO MOTOR 1FK2106-4AF10-0MA0 2.7 kW,Siemens Servo Motors,184102
Slip Ring Motor,Slip Ring Motor,37228
Break Motor,Brake Motors,21078
3 phase 15hp motor starter,3 Phase Motor Starter,226794
DC Carbon,DC Motor,445
external motor rotor die casting,Die Cast Rotors,120951
c 10 micro 2900 bldc moter,Brushless DC Motor,15240
extra power breaker 1 power tool armature,Power Tool Armature,653304
Gear Motor,Gear Motor,29373
Liquid Resistance Starter,Liquid Resistance Starter,163465
a c blower motor spal,Spal Motor,657268
1HP Single Phase Godrej Lawkim Foot Mounted,Single Phase Motors,9484
Automatic Sliding Gate Motor,Electric Sliding Gate Motor,52905
fcma soft starter,Soft Starters,12256
three phase 1 mini dol automatic-switch,DOL Starter,26266
push button shutter motor,Rolling Shutter Motor,77612
SIEMENS 1LE7501‑1BB23‑5AA4,Siemens Servo Motors,184102
blower-motors,Blower Motors,23098
Servo Motor Repairing Service,Servo Motor Repair,168060
Petrosa Starter medium 200 Grams,Starters,7853
automatic switch,Motor Automatic Switch,140407
Telescopic Linear Actuators,Linear Actuator,32181
speed on  outdoor motar,Three Phase Electric Motor,52930
Motor Automatic Switch,Motor Automatic Switch,140407
speed on outdoor motar,AC Motor,444
Crompton Greaves Flameproof IE3 Motor,Crompton Greaves Motor,126348
a c blower motor spal 24v,Blower Motors,23098
brake motor,Brake Motors,21078
star-delta-starter,Star Delta Starter,653300
deep vibrator motor,Vibration Motor,2743
Hydromatik Rexroth A2F-12-Wp6 Hydraulic Piston Motor,Hydraulic Pump Motor,141877
vibrator cover,Vibration Motor,15686
Rotork Yt 3300 Smart Positioner,Valve Positioners,40629
Concrete Vibrator Motor,Concrete Vibrator Motor,184082
blower motors in port blair,Blower Motors,23098
Hydromatik A2F-107 Hydraulic Piston Pump Motor,Hydraulic Pump Motor,141877
Rexroth A2Fo180,Hydraulic Motor,10834
Brueninghaus Hydromatik Rexroth A2Fm-28/61 Hydraulic Piston Motor,Hydraulic Pump Motor,141877
parker hydraulic motor,Hydraulic Motor,10834
Kirloskar Three Phase Induction Motor,Kirloskar Electric Motor,185261
Three Phase Induction Motor,Three Phase Induction Motor,131725
Hanning Motor for Bentone Burner,Burner Motors,162362
hyundai/kia clutch actuator,Actuators,3148
Remi Centrifuge Carbon Brushes,Carbon Brush,903
2hp motor,Three Phase Induction Motor,131725
aluminium die cast rotors,Die Cast Rotors,120951
bhavani induction motor,Induction Motors,10971
DC Motor,DC Motor,445
Intermot hydro motors 800cc,Hydraulic Motor,10834
Mobile Starter,Mobile Starter,161896
SIEMENS SIMOTICS S-1FK2 SERVO MOTOR 1FK2204-5AK01-0MB0 0.12 kW,Siemens Servo Motors,184102
Single Phase Induction Motor,Single Phase Induction Motor,9483
5 watts motor rexnord rec-8313-05-a2,DC Motor,445
AC Fan Motor,AC Fan Motor,146600
helical-geared-motor,Helical Geared Motor,43308
three phase electric motor 20 hp 960 rpm,Three Phase Electric Motor,52930
three phase electric motor near agra 20 hp 960 rpm,Three Phase Motor,2415
gsm mobile starter,Mobile Starter,161896
Domestic Appliance Motors,Domestic Motor,18608
schneider soft starter,Schneider Soft Starters,220183
Door han,Door Motor,52902
linear-actuators,Linear Actuator,32181
Motor Starter,Motor Starter,33567
Three Phase Electric Motor,Three Phase Electric Motor,52930
l t mpower pro mobile motor starter,Mobile Starter,161896
Kenstar Air Cooler Motor With Pump,Kenstar Cooler Motor,658622
Three Phase Motor,Three Phase Motor,2415
Pneumatic Actuators,Pneumatic Actuators,5084
Crane Duty Geared Motor With Brake,Geared Brake Motors,44652
1000 n (100 kg) 1 100 mm 24 v telescopic linear actuators,Linear Actuator,32181
Pneumatic Rotary Actuators,Pneumatic Rotary Actuators,183587
Petrosa Starter medium,Starters,7853
Pneumatic Rotary Actuator,Pneumatic Rotary Actuators,183587
Shade Pole Rexnord c Frame Motor Rec-6110-A2,Rexnord AC Motor,205985
dc motor bush,Motor Brushes,52918
crompton motors 20 hp 3 phase 960 rpm,Crompton Greaves Motor,126348
geared motors,Gear Motor,29373
ball screw or belt driven actuator,Linear Actuator,32181
Die Cast Rotors,Die Cast Rotors,120951
Crompton Greaves Motor,Crompton Greaves Motor,126348
automation switches,Motor Automatic Switch,140407
क्लीनर प्रोडक्ट के लिए केमिकल कहां मिलता है,Industrial Chemicals,52915
Aluminium Bell Housing,Bell Housing,136623
crompton motors 20 hp 3 phase near khair 960 rpm,Crompton Greaves Motor,126348
SIEMENS 1FL6064-1AC61-2LA1 SIMOTICS S-1FL6-1FL6 Operating voltage 3AC 400 V,Siemens Servo Motors,184102
Danfoss/Eaton Char-Lynn 2000 series,Hydraulic Motor,10834
crompton greaves motors 20 hp 3 phase,Crompton Greaves Motor,126348
Landt Motor Starter Mk1 Direct On Line (dol) (mk1 Dol 9-14 A.),DOL Starter,26266
fdhhdfh,Cooler Motor,52897
SIEMENS SIMOTICS S-1FK2 SERVO MOTOR  1FK2106-4AF01-1SA0 2.7 kW,Siemens Servo Motors,184102
Vibration Motor,Vibration Motor,2743
Remi Geared Motor,Gear Motor,29373
Tata Signa Bs4 Blower Motor,Blower Motors,23098
Allen Bradley SMC-3 43A Smart Motor starer,Allen Bradley Soft Starters,220186
skill-3220-armature-powerbilt(9683),Armature,25
50W Wall Fan Motor,Fan Motor,28231
m9mz90g4yga panasonic gear motor /90watt/ three phase,Three Phase Gear Motor,150167
ll braider soft starer,Soft Starters,12256
kollmorgen servo motors akm63k-anc2r-00,Kollmorgen Servo Motors,194006
SIEMENS SIMOTICS S-1FK2 SERVO MOTOR 1FK2204-5AK01-1MB0 0.12 kW,Siemens Servo Motors,184102
Crane Current Collector Carbon Brush,Industrial Carbon Brushes,145615
Pneumatic Actuatos,Pneumatic Actuators,5084
1440 rpm three phase 9841043643 3 hp crompton greaves motor,Crompton Greaves Motor,126348
horse power,Motor,1274
Terminal plate,Motor Terminal Plate,137749
dc brake motors in mumbai,Brake Motors,21078
hindustan ac motor,Hindustan AC Motor,203386
24 inch three phase 4 exhaust fan fibre,Exhaust Fan Motor,28080
panasonic-ac-servo-motor,Panasonic AC Servo Motor,187161
three phase 1 piece 5 hp 2800 rpm 3.7 KW 5HP Crompton Greaves Motor 1500 rpm,Crompton Greaves Motor,126348
3 Phase Motor Starter,3 Phase Motor Starter,226794
0.5 hp motor,Three Phase Induction Motor,131725
ac-fan-motor,AC Fan Motor,146600
L&T Mpower Pro Mobile Motor Starter,Mobile Starter,161896
linear actuator purlin,Linear Actuator,32181
1 piece Allen Bradley Soft Starters,Allen Bradley Soft Starters,220186
SIEMENS SIMOTICS S-1FK2 SERVO MOTOR 1FK2210-3AB01-1SB0 4.5 kW,Siemens Servo Motors,184102
dg geared motor,Gear Motor,29373
Alternator Stator Core,Stators,7863
servo motors repairs,Servo Motor Repair,168060
Motor Carbon Brushes,Carbon Brush,903
Pmdc Stirrer Motor,PMDC Geared Motor,183437
dol-starter,DOL Starter,26266
Fan Motor,Fan Motor,28231
Three Phase Motors Crompton Greaves,Crompton Greaves Motor,126348
TR 7 25x50 Holder,Motor Parts,150022
End Shield Cover,Motor End Caps,43493
three phase 3.7 kw crompton greaves induction motor,Crompton Greaves Motor,126348
1 for business use piece 22 kw Allen Bradley 150-C43NBD SMC-3 Soft Starter 43A 480V 3-Phase 100-240V AC Control,Allen Bradley Soft Starters,220186
3.7 kw crompton greaves induction motor,Crompton Greaves Motor,126348
Direct On Line Starter DOL Motor Starter (DMC),DOL Starter,26266
crompton greaves induction motor,Crompton Greaves Motor,126348
three phase-motors,Three Phase Motor,2415
SIEMENS SIMOTICS S-1FK2 SERVO MOTOR 1FK2104-6AF10-0MB0,Siemens Servo Motors,184102
Stators,Stators,7863
1 fan motor,Fan Motor,28231
Makita MT-958 Armature By PowerSpeed,Armature,25
SIEMENS SIMOTICS S-1FK2 SERVO MOTOR 1FK2106-4AF01-1MA0  2.7 kW,Siemens Servo Motors,184102
KOLLMORGEN Servo Motors,KOLLMORGEN Servo Motors,271284
10 HP Transtech Gear Electric Motor,Gear Motor,29373
Hollow Shaft Type Incremental Rotary Encoder,Hollow Shaft Encoders,30451
Ti Motion Linear Actuator,Linear Actuator,32181
Rhino+12V+DC+30RPM+70Kgcm+IG32+Heavy+Duty+Planetary+Geared+Motor,Heavy Duty Motor,55774
1FK2104-6AF10-0MB0,Siemens Servo Motors,184102
dual shaft 1330 RPM BLOWER FAN MOTOR,Blower Motors,23098
Worm Geared Motor,Worm Geared Motor,41500
3 Phase Electric Motor,Three Phase Electric Motor,52930
linear 1 festo actuators,Linear Actuator,32181
FL57BLS01-24V-10000A- Regular BLDC Motor,Brushless DC Motor,15240
starter,Starters,7853
motor starter controller,Motor Starter,33567
EG224 Grade DC Motor Carbon Brush,DC Motor Carbon Brushes,133005
mini motors,DC Motor,445
Air Vane Motor,Air Motors,21680
1 HP Impel VGGH25 Electric Motor,Three Phase Electric Motor,52930
dc fan motor 15 20 watt,Fan Motor,28231
fan motor 25 30 watt,Fan Motor,28231
3-phase-motor-starter,3 Phase Motor Starter,226794
Electric Motors and Components,Electric Motor,1274
three phase l&t mpower pro mobile motor starter,Mobile Starter,161896
SIEMENS SIMOTICS S-1FK2 SERVO MOTOR 1FK2104-6AF10-0SB0 1 kW,Siemens Servo Motors,184102
Motor Terminal Plate,Motor Terminal Plate,137749
1 hp bench polisher motor,Polisher Motor,106938
Air Conditioner Motor,Air Conditioner Motor,186009
partition frames for motor,Motor Frame,35297
FL28STH51-0674AF-Hybrid Stepper Motor,Hybrid Stepper Motor,15599
Electrical carbon Brushes,Industrial Carbon Brushes,145615
Vibratory Motor Foot Mounted,Vibration Motor,2743
Omp Series Orbital Motors,Orbital Motor,52919
Hydraulic Motor bmr,Hydraulic Motor,10834
25 Amp Motor Starter Fresh Material,Motor Starter,33567
M S Hydraulic Motor,Hydraulic Motor,10834
Jyoti Motor Starter And Starter Oil Set,Single Phase Motor Starter,226793
FL57BL01-24V-1500AD Brushless Motor,Brushless Motors,23616
MIG PMDC MOTOR 24V/42V,PMDC Motor,52920
500 rpm mig pmdc motor 24v/42v,PMDC Motor,52920
2 hp three phase motor,Three Phase Motor,2415
Havells Electric Motor,Havells Electric Motor,189725
2 200 w chimney motor,Chimney Motors,443256
Synchronous Motor,Single Phase AC Synchronous Motor,19219
FL57BLB60 Regular BLDC Motor,Brushless DC Motor,15240
Cooler Motor 7 Sutt,Cooler Motor,52897
Vintage Industrial Motor,Three Phase Electric Motor,52930
fan-motors,Fan Motor,28231
mig pmdc motor 24v 42v,PMDC Motor,52920
Single Phase AC Synchronous Motor,Single Phase AC Synchronous Motor,19219
9607 HB / 9609 HB Makita Armature By PowerSpeed,Armature,25
parallel shaft helical geard motor,Helical Geared Motor,43308
1 phase electric motor,Single Phase Electric Motor,52927
Gsm Mobile Starter Pcb,Mobile Starter,161896
shaded pole motors with fan,Shaded Pole Motors,36931
Cooler Motor 1 Inch Kit (aluminium),Cooler Motor,52897
Autonic Shaft Encoder,Shaft Encoder,44166
door-motor,Automatic Door Motor,52891
200W AC Servo Brake Motor & Drive LSELM1S-0200DH60E-SS,Servo Motor,448
65X50X25MM CARBON BRUSH,Carbon Brush,903
shaded+pole+motors,Shaded Pole Motors,36931
Shaded Pole Motors,Shaded Pole Motors,36931
105 Wat Single Phase Cooler Motor,Cooler Motor,52897
FL60STH65-2008AF Hybrid Stepper Motor,Hybrid Stepper Motor,15599
FL42BLSL01- Regular BLDC Motor,Brushless DC Motor,15240
single phase cooler motor,Cooler Motor,52897
4000w bldc motor / 4kw bldc motor for electric car / electric motor for gokart,Brushless DC Motor,15240
Mitsubishi Servo Motors,Mitsubishi Servo Motors,184101
FL42STH60-0854AF- Hybrid Stepper Motor,Hybrid Stepper Motor,15599
Single Phase Motor Starter,Single Phase Motor Starter,226793
170M7167-6500A,Allen Bradley Soft Starters,220186
Chimney Motor,Chimney Motors,131722
sewing-machine-motor-armature,Motor Armature,167444
amdo cooler motor,Cooler Motor,52897
hindustan,Hindustan AC Motor,203386
crompton greaves vfdc,Crompton Greaves Motor,126348
Carbon Brush Holder,Carbon Brush Holder,55772
370W Electric Sliding Gate Motor,Electric Sliding Gate Motor,52905
foot cum flange mounted electric motor,Flange Motors,6408
FL42BLSL02- Regular BLDC Motor,Brushless DC Motor,15240
Electro Pneumatic Valve Positioner,Electro Pneumatic Valve Positioner,147007
DC motor 5.5,DC Motor,445
B&R 8BVI0014HWS0.000-1 ACOPOS MULTI INVERTER MODULE I0014S,ACOPOS Servo Motor,205136
Motor Rotor,Rotor mounted Motor,36904
cooler kit motor,Cooler Motor,52897
inline helical geared motors,Helical Geared Motor,43308
boparai auto switch pro,Motor Automatic Switch,140407
Carbon brush for AC HT Moter,AC Carbon Brush,652540
800 W Wet Dry Vacuum Cleaner Motors,Vacuum Motor,65116
FL57STH56-2504ACF-25-ARK Hybrid Stepper Motor,Hybrid Stepper Motor,15599
FL57STH51-2804AF- Hybrid Stepper Motor,Hybrid Stepper Motor,15599
90 watt ac geared motor,AC Geared Motor,21549
dwe4235 armature near udaipur,Armature,25
Electric Motor Starters,Single Phase Motor Starter,226793
ytc make smart positioner,Valve Positioners,40629
PowerSpeed Armature For Makita 3501 N,Armature,25
arma texture,Stepper Motor,18794
Single Phase Copper Slip Ring,Slip Rings,37229
Venex Motor Starter,Motor Starter,33567
Mobile+Starter+Prime,Mobile Starter,161896
havells motor,Havells Electric Motor,189725
AC Fail and DC Fail,Motor Automatic Switch,140407
SIEMENS SIMOTICS S-1FK2 SERVO MOTOR 1FK2104-4AK01-0MB0 0.06 kW,Siemens Servo Motors,184102
Aluminium Winding Cooler Fan Motor,Cooler Motor,52897
FL42STH33-0956AF- Hybrid Stepper Motor,Hybrid Stepper Motor,15599
Mk 1 Dol Starter,DOL Starter,26266
fhp motors,FHP Motor,446
laxmi 3 hp singal fase motors,Single Phase Motors,9484
0502 exhaust fan motor,Exhaust Fan Motor,28080
dual shaft 1300RPM BLOWER FAN MOTOR,Blower Motors,23098
105 W Alqer 16 Inch Super Cooler Motor,Cooler Motor,52897
FL60STH65-2804AF Hybrid Stepper Motor,Hybrid Stepper Motor,15599
टेक्समो मोटर स्पेयर पार्ट्स,Texmo Motor Parts,182396
Crompton 2hp Gf6834 Single Phase Electric Motor 1440 Rpm,Single Phase Motors,9484
Bch Submersible Pump Starters,Pump Starter,146491
SIEMENS SIMOTICS S-1FK2 SERVO MOTOR 1FK2104-6AF10-0SB0,Siemens Servo Motors,184102
AC Geared Motor,AC Geared Motor,21549
Crompton 2hp Gf6834 Single Phase Electric Motor,Single Phase Motors,9484
SIEMENS SIMOTICS S-1FK2 SERVO MOTOR 1FK2106-4AF01-0SA0 2.7 kW,Siemens Servo Motors,184102
Ecoflam Burner Servo Motor,Burner Servo Motors,162318
Three Phase Motor,Three Phase Motor,2415
VTV YN90-120 Motor,Three Phase Electric Motor,52930
Electric Motors,Electric Motor,1274
induction motor,Induction Motors,10971
60W Desert Cooler Motor,Cooler Motor,52897
FL42STH47-1684AF-08- Hybrid Stepper Motor,Hybrid Stepper Motor,15599
electronic-starter,Electronic Starter,27659
FL42STH38-1684AF Hybrid Stepper Motor,Hybrid Stepper Motor,15599
Lubi LGH90GF50H15K Gare Motor,Three Phase Gear Motor,150167
1FK2104-6AF10-0SB0,Siemens Servo Motors,184102
Ml 2 Dol Starter,DOL Starter,26266
siemens electric ac motor 75 hp 1440 rpm,Siemens AC Motors,184089
Vishal 8al2 Air Cooler Motor,Cooler Motor,52897
ELLDO cooler motor,Cooler Motor,52897
CP - 101 ACTUATOR,Actuators,3148
DZ Gear Motor Brushed DC Motor,DC Geared Motor,25556
dual shaft blower fan motor,Double Shaft Motor,139590
220 v dual shaft BLOWER FAN MOTOR,Double Shaft Motor,139590
220  v 1 dual shaft BLOWER FAN MOTOR,Blower Motors,23098
Crompton 2hp Gf6834 Single Phase Electric Motor,Single Phase Motors,9484
AT12 Single Chain Actuator,Actuators,3148
SECO N 24 25 Single Chain Actuator,Pneumatic Actuators,5084
Siemens Raja+ Direct On Line Starters,DOL Starter,26266
SIEMENS SIMOTICS S-1FK2 SERVO MOTOR 1FK2104-6AF10-1MB0 1 kW,Siemens Servo Motors,184102
cg cooler motor,Cooler Motor,52897
Makita 9047 Armature By PowerSpeed,Armature,25
Electric Motor Housing,Motor Housings,33555
Vibro Sifter Vibratory Motors,Vibration Motor,2743
FL28STH45-0674A - Hybrid Stepper Motor,Hybrid Stepper Motor,15599
Single Phase D.C. Motor,Single Phase Motors,9484
electric torque,Torque Motors,19705
Godrej Lawkim Ac Motors,Godrej Lawkim AC Motor,203174
dual shaft FAN MOTOR,Double Shaft Motor,139590
Crompton Electric Motor,Crompton Greaves Motor,126348
Mini Fan Motor,Fan Motor,28231
3d minuture,Stepper Motor,18794
Electric Motor with Gear,Gear Motor,29373
FL28STH45-0674AF-14 - Hybrid Stepper Motor,Hybrid Stepper Motor,15599
mixer-grinder-motor,Mixer Grinder Motor,84526
Sew-eurodrive servo Motor cmp50m/pk/vr/rh1m/sm1,AC Servo Motor,14970
Sew-eurodrive,Servo Motor,448
vane pneumatic actuator,Pneumatic Actuators,5084
Flange Mounted Motor,Flange Motors,6408
FL57STH56-2504ACF-25 - Hybrid Stepper Motor,Hybrid Stepper Motor,15599
FL57STH56-2804AF-01- Hybrid Stepper Motor,Hybrid Stepper Motor,15599
MU2 Dol Motor Starter,DOL Starter,26266
power tool cm4,Power Tool Carbon Brush,190885
power tool near delhi cm4,Power Tools,78428
crompton-motors,Crompton Greaves Motor,126348
Voltas AC Outdoor Fan Motor,AC Fan Motor,146600
Makita MT-950 Armature By PowerSpeed,Armature,25
1500 cfm FAN MOTOR,Fan Motor,28231
230v apex cool 410w exhaust fan motor,Exhaust Fan Motor,28080
FL57STH76-2504ACF-ARK Hybrid Stepper Motor,Hybrid Stepper Motor,15599
Clogging Test,Motor Testing,178219
SIEMENS SIMOTICS S-1FK2 SERVO MOTOR 1FK2104-6AF10-1MB0,Siemens Servo Motors,184102
crompton motor 1 hp,Crompton Motors,446133
crompton motor near tinsukia 1 hp,Crompton Motors,446133
motorized pulley drum motor,Motorized Pulley,162316
crompton motor,Crompton Motors,446133
Belimo Damper Fire Actuator,Damper Actuators,183591
e42 90w 2850/3450rpm motor single phase,Single Phase Motors,9484
Slip Ring Assemblies,Slip Ring Assemblies,141589
Siemens DOL Starter,Siemens DOL Starter,654653
pmdc gear motor 0-25-hp 25-200rpm 12-180volt,PMDC Geared Motor,183437
Vertical Motors,Vertical Motor,186084
PowerSpeed Armature For Makita 9500 NB,Armature,25
side shaft gear motor,Side Shaft Gear Motor,6408
FEBRICATION BLOWER 1HP SINGLE PHASE,Single Phase Motors,9484
a40k/m566w/g7.2 (60 square pl gear),Electric Gear Motor,52906
1400 rpm single phase 230 v flange mounted 230v apex cool 410w exhaust fan motor,Exhaust Fan Motor,28080
crompton 10 hp motor,Crompton Greaves Motor,126348
foot mounting 1 piece 1440 rpm Single Phase Motors,Single Phase Induction Motor,9483
ABB Servo Motors,ABB Servo Motors,193698
20 HP Three Phase Electric Motor,Three Phase Electric Motor,52930
1FK2104-6AF10-1MB0,Siemens Servo Motors,184102
SIEMENS SIMOTICS S-1FK2 SERVO MOTOR 1FK2106-4AF01-0MA0 2.7 kW,Siemens Servo Motors,184102
mil 37 38 diaphragm actuators,Diaphragm Actuators,12791
Petrosa starter mini 1 KG,Electronic Starter,27659
BRUSHLESS MOTOR DYS 1800KV,Brushless Motors,23616
Petrosa starter mini 1KG,Single Phase Motor Starter,226793
Petrosa starter mini 3 KG,Single Phase Motor Starter,226793
Petrosa starter mini 3KG,Single Phase Motor Starter,226793
Weishaupt Burner Servo Motor,Burner Servo Motors,162318
Petrosa starter mini 8 KG,Single Phase Motor Starter,226793
Petrosa starter mini 8KG,Single Phase Motor Starter,226793
apex cool 410w single phase exhaust fan motor,Single Phase Electric Motor,52927
danfoss original brand new h1b80/h1b110 motor,Danfoss Actuators,208001
3 HP Three Phase Induction Motor 960 Rpm,Three Phase Induction Motor,131725
gpn gear motor,Gear Motor,29373
Dol Motor Starters,DOL Starter,26266
Oil Starter Magnet Call,Motor Starter,33567
AC MOTAR,AC Motor,444
SIEMENS SIMOTICS S-1FK2 SERVO MOTOR 1FK2204-5AK01-1SB0 0.57 kW,Siemens Servo Motors,184102
SIEMENS SIMOTICS S-1FK2 SERVO MOTOR 1FK2104-4AK01-0SB0 0.06 kW,Siemens Servo Motors,184102
50HP Abb Electric Motor,ABB Electric Motor,181114
10 hp crompton motor,Crompton Greaves Motor,126348
PowerSpeed Armature for Gsh-500 Bosch,Armature,25
SIEMENS SINAMICS S200 Servo Motor 1FL2306-4AC01-0HB0 0.1 kW,Siemens Servo Motors,184102
helical gear motor,Helical Geared Motor,43308
3330601 Cummins Electronic Fuel Control Actuator,Cummins Actuators,444288
Stepper Motor,Stepper Motor,18794
desert type copper 32 mm 1 cooler motor,Cooler Motor,52897
9067/9069 Makita Armature By PowerSpeed,Armature,25
1 2 hp 775 12 v rs775 10000rpm 12v dc motor,DC Micro Motors,25372
5hp 3phase motor,Three Phase Motor,2415
Bharat Benz Aluminium Housing,Aluminium Housings,4693
lubi three phase induction motors,Three Phase Induction Motor,131725
Crane Geared Brake Motor,Geared Brake Motors,44652
1400 rpm single phase 230 v 230v apex cool 410w single phase exhaust fan motor,Single Phase Motors,9484
12v dc motor,DC Motor,445
1400 rpm 230 v apex cool 410w single phase exhaust fan motor,Single Phase Motors,9484
Suguna Motor Starter,Single Phase Motor Starter,226793
reverse forward 3 phase 20 3 hp starters,Motor Starter,33567
SIEMENS SIMOTICS S-1FK2 SERVO MOTOR 1FK2210-3AC01-0MB0 5.5 kW,Siemens Servo Motors,184102
rexroth servo drive,Servo Motor,448
Valve Positioners,Valve Positioners,40629
FOOT Mounted Motor (model Gf 6834),Foot Mounted Motor,177266
1400 rpm apex cool 410w single phase exhaust fan motor,Single Phase Motors,9484
Motor Stater,Motor Starter,33567
Paragon Motor Starter,Motor Starter,33567
UR006G XGT Brushless Motor Active Feedback Sensing,Brushless Motors,23616
schubert and salzer positioner,Valve Positioners,40629
polisher-motor,Polisher Motor,106938
Electric Vibratory Motor,Vibration Motor,2743
Abb Electric Motor 50hp 1500 Rpm,Three Phase Electric Motor,52930
SIEMENS SIMOTICS S-1FK2 1FK2106-4AF11-1SA0  servo motor 2.7 kW,Siemens Servo Motors,184102
Siemens Face Mounted Induction Motor,Siemens Induction Motors,203372
5 HP Three Phase Motor,Three Phase Motor,2415
APEX COOL 410W MOTOR,Cooler Motor,52897
Motar Starter,Motor Starter,33567
Siemens 7.5 KW 2 HP Electric Motor,Siemens Electric Motor,184089
Unbalance Vibratory Motors,Vibration Motor,2743
Sew Brake Motor,Brake Motors,21078
ABB Three Phase Induction Motor,ABB Induction Motor,193239
Oriental motor,Stepper Motor,18794
3 phase auto starter,3 Phase Motor Starter,226794
Type 200 17 Inch Copper Exhaust Fan Motor,Exhaust Fan Motor,28080
Openable Gate Motor,Gate Motor,29337
hollow shaft encoder,Hollow Shaft Encoders,30451
pbl-right-angled-helical-bevel-geared-motor,Helical Geared Motor,43308
SIEMENS SIMOTICS S-1FK2 SERVO MOTER 1FK2106-4AF00-1MA0 2.7 kW,Siemens Servo Motors,184102
SIEMENS SIMOTICS S-1FK2 SERVO MOTOR 1FK2106-4AF00-1SA0  2.7 kW,Siemens Servo Motors,184102
Foredom Flex Shaft Motor,Flexible Shaft Motor,189999
lift-motor,Lift Motor,77611
aira mild steel pneumatic rotary actuator,Pneumatic Rotary Actuators,183587
flange type 25 hp motor,Crompton Greaves Motor,126348
3 phase dol motor starter,DOL Starter,26266
Siemens Three Phase Electric Motor,Siemens Electric Motor,184089
Lubi Electrical Motor,Three Phase Electric Motor,52930
Moter stater,Motor Starter,33567
HUMSER 12V 10RPM,DC Micro Motors,25372
geared motor,Gear Motor,29373
2285625342 statorhv 2030,Stators,7863
slipring motor,Slip Ring Motor,37228
SIEMENS SIMOTICS S-1FK2 SERVO MOTOR 1FK2204-5AK10-0SB0 0.12 kW,Siemens Servo Motors,184102
Kisrloskar Motar,Klockner Motoren,206066
Gate Motor,Electric Sliding Gate Motor,52905
vibratory motor,Vibration Motor,2743
270Hp Siemens Motor,Siemens Electric Motor,184089
bft deimos bt a600 gate motor,Electric Sliding Gate Motor,52905
Panasonic Servo Motor MHMF042L1U2M  400Watt,Panasonic AC Servo Motor,187161
3000 rpm Siemens 1FL6062-1AC61-0AA1 Servo Motor,Siemens Servo Motors,184102
fv5029 010,Cooler Motor,52897
SIEMENS SIMOTICS S-1FK2 SERVO MOTOR 1FK2204-5AK01-0SB0 0.57 kW,Siemens Servo Motors,184102
fv5029-010,Cooler Motor,52897
DC Motor Carbon Brushes,DC Motor Carbon Brushes,133005
Three Phase Dol Motor Starter,DOL Starter,26266
three phase 2800 rpm 2 0.25 hp electric vibro motor,Vibration Motor,2743
Motor Encoder,Motor Encoder,166373
macwell brand motor,Macwell Motor,203386
macwel brand motor,Single Phase Motors,9484
gearmoter,Gear Motor,29373
3 phase 40 hp oil starter,Oil Starter,142116
my cool star,Cooler Motor,52897
DC Shunt Motor,Shunt Motor,19084
Cooler Motor 1 Inch,Cooler Motor,52897
Stirrer Motor,Stirrer Motors,30367
Acurater plate,Motor Plate,190101
Weg- Germany 2880RPM Motor,Weg Electric Motor,184089
pump-starter,Pump Starter,146491
2283752193 motor6v 20a,DC Motor,445
Fanuc AC Servo Motor 0.35kW 6000 A06B-0115-B103 and Pulsecoder,Fanuc Servo Motor,445329
PowerSpeed Armature For 9005 N Makita,Armature,25
Crompton Motor 10 HP 960 Rpm,Crompton Greaves Motor,126348
Blower Motors,Blower Motors,23098
three phase 2800 rpm 2 0.25 hp single phase vibro motors,Vibration Motor,2743
AC Induction Motor,AC Induction Motor,21550
Siemens 1440RPM Three Phase Flange Motor,Siemens Electric Motor,184089
Havells Induction Motors,Havells Induction Motors,203370
cast iron general,Cast Iron Motor,122215
AC Motor,AC Motor,444
20 hp motor,Crompton Greaves Motor,126348
rs 555 high speed dc motor 5000rpm,High Speed DC Motor,4463
dc ware,DC Motor,445
ABB 50 HP Three Phase Electric Motors,ABB Electric Motor,181114
electric-actuator,Valve Actuators,40795
dc 12v gear motor,DC Geared Motor,25556
CG make  electric motor,Crompton Greaves Motor,126348
1le7501‑1bb23‑5aa4,Siemens Servo Motors,184102
brush for electronics,Industrial Carbon Brushes,145615
SIEMENS SIMOTICS S-1FK2  SERVO MOTOR 1FK2104-6AF11-0MB0 1 kW,Siemens Servo Motors,184102
power-tool-carbon-brush,Power Tool Carbon Brush,190885
thrive architect latest version,DC Motor,445
Kirloskar make electric motor,Kirloskar Electric Motor,185261
SIMOTICS S synchronous motor 1FK7 1FK7081-3BF71-1RB1,Synchronous Motor,18917
Hindustan Geared Motors,Hindustan AC Motor,203386
vibro shift motor,Vibration Motor,2743
Steper Motor,Stepper Motor,18794
bonfiglioli riduttori motor be71-b4 230/400-50 ip55 clf b5,Bonfiglioli Geared Motor,193153
Stater,Stators,7863
Motor 160kw,Three Phase Electric Motor,52930
Bharat Bijlee Electric Motor,Bharat Bijlee AC Motor,203388
75 HP Crompton Industrial Motors,Crompton Greaves Industrial Motors,193884
Double Motor Vacuum Cleaner,Double Side Vacuum Motor,443716
synchronous-motor,Single Phase AC Synchronous Motor,19219
C Beam Linear Actuator,Linear Actuator,32181
Siemens Make Electric Motor,Siemens Electric Motor,184089
Abb Make Electric Motor,ABB Electric Motor,181114
5r/min 1.5w 50/60hz motor,DC Motor,445
Direct Drive Motor For Juki,Spindle Motors,38084
5hp flour mill motor,Flour Mill Electric Motor,182597
Alternator Carbon Brush,Carbon Brush,903
5hp motor,Single Phase Motors,9484
Vane Type Hydraulic Motor,Vane Type Hydraulic Motor,19908
Crompton Industrial Motors 75 hp,Crompton Greaves Industrial Motors,193884
11KW Kirloskar Electric Motor,Kirloskar Electric Motor,185261
3 phase 2 piece l&t Motor Starter,3 Phase Motor Starter,226794
DOL STRTERS,DOL Starter,26266
ng80,Three Phase Electric Motor,52930
general electric sfk01,Electric Motor,1274
Heavy Duty Rotary Air Motor,Air Motors,21680
ac motor indoor,AC Motor,444
SIEMENS SIMOTICS S-1FK2 SERVO MOTOR 1FK2106-4AF00-0SA0 2.7 kW,Siemens Servo Motors,184102
dc-motor-spare,DC Motor,445
Motor Parts,Motor Parts,150022
वाइब्रो शिफ्ट मोटर,Vibration Motor,2743
Marathon Electric Motor,Marathon Electric Motor,181116
Shakti Dol Starter,DOL Starter,26266
2 HP single phase,Single Phase Motors,9484
6ik180gu 240 w motor,Siemens Servo Motors,184102
Telemetry Encoder Unit,Motor Encoder,166373
dc-geared-motor,DC Geared Motor,25556
Motorized Actuators,Motorized Actuators,167393
Dc Brake For Electric Motor,Brake Motors,21078
desert type aluminum 32 mm 1 inch kit cooler motor,Cooler Motor,52897
1.5 kw crompton single phase motor,Single Phase Electric Motor,52927
ac motor 20w,AC Motor,444
Dc fan motor,Fan Motor,28231
ac motor 10w,AC Motor,444
10hp motor,Three Phase Motor,2415
6FC5357-0BA11-1AE0,Siemens Servo Motors,184102
Indigo Self Armature,Self Armature,443618
leadshine l7 series servo ac servo motor,AC Servo Motor,14970
SIEMENS SIMOTICS S-1FK2 SERVO MOTOR 1FK2204-5AK10-0MB0 0.57 kW,Siemens Servo Motors,184102
10m3flow rate 30 mtr headpumpwith motor,Pump with Motor,131722
Traction Motor,Lift Motor,77611
Leadshine L7 Series 750W AC Servo Motor and Driver Kit,AC Servo Motor,14970
Dol Motor Starters Paragon,DOL Starter,26266
SIEMENS SIMOTICS S-1FK2  SERVO MOTOR 1FK2104-6AF11-0MB0,Siemens Servo Motors,184102
3 phase motor start,3 Phase Motor Starter,226794
oil-filled 3 hp 25 single phase motor starter,Single Phase Motor Starter,226793
SMC Electric Actuator,SMC Actuators,203381
1FK2104-6AF11-0MB0,Siemens Servo Motors,184102
digital dol starter,DOL Starter,26266
Slider Type Electric Actuator,Electric Actuator,27216
seedprod latest version,Stepper Motor,18794
Siemens 75 HP Foot Mounted Electric Motors,Siemens Electric Motor,184089
Grow art 3 phase hybrid,Motor Starter,33567
gbru 1 min auto switch,Motor Automatic Switch,140407
SIEMENS SIMOTICS S-1FK2 SERVO  MOTOR 1FK2106-4AF00-0MA0 2.7 kW,Siemens Servo Motors,184102
armature,Motor Armature,167444
ecma-ca1010ss delta servo motor,Delta Servo Motors,193996
table fan motor,Fan Motor,28231
20W ALUMINUM HOUSING,Aluminium Housings,4693
motor panvel,Electric Motor,1274
40 HP  Siemens Electric Motors,Siemens Electric Motor,184089
hindustan package,Hindustan AC Motor,203386
Electric Sliding Gate Motor,Electric Sliding Gate Motor,52905
800 RPM Electric Sliding Gate Motor,Electric Sliding Gate Motor,52905
HF-SP152 servo motor mitsubishi,Mitsubishi Servo Motors,184101
1000 RPM Electric Sliding Gate Motor,Electric Sliding Gate Motor,52905
Gear and Vane Motors,Vane Type Hydraulic Motor,19908
high power mini dc water motors project,DC Motor,445
high power mini dc water motors for project near badlapur,DC Motor,445
775 dc motor bihpuri,DC Motor,445
775 dc motor near agra bichpuri,DC Motor,445
24v dc coffee machine motor,DC Motor,445
Crompton Geared Motor,Crompton Greaves Motor,126348
l&t three phase motor starter,3 Phase Motor Starter,226794
Servo Motor & Variac Motor,Servo Motor,448
Siemens Electric Motors 40 Hp,Siemens Electric Motor,184089
3 phase motor starter without oil automatic,3 Phase Motor Starter,226794
3 phase motor starter near jodhpur without oilautomatic,3 Phase Motor Starter,226794
HP400 Siemens Motor,Siemens Electric Motor,184089
Flange Motors,Flange Motors,6408
Sew Eurodrive CMP50M AC Synchronous Motor,Synchronous Motor,18917
2 hp flange motor,Flange Motors,6408
3 phase motor starter oil free automatic,3 Phase Motor Starter,226794
3 phase motor starter near jodhpur oil freee automatic,3 Phase Motor Starter,226794
ABB MOTOR 200KW 270HP 1500RPM FOOT IE2,Three Phase Electric Motor,52930
bonfiglioli brake motor,Bonfiglioli Motors,193155
1 piece ABB Soft Starters,ABB Soft Starters,220182
kenstar desert air cooler motor,Kenstar Cooler Motor,658622
Marathon 1hp motor single phase,Marathon Electric Motor,181116
Make - Marathon 1hp motor single phase,Marathon Electric Motor,181116
Vibro Sifter Motor,Vibration Motor,2743
kirloskar electric motor 10 hp 960 rpm,Kirloskar Electric Motor,185261
desert cooler motor,Cooler Motor,52897
Exhaust Fan Motor,Exhaust Fan Motor,28080
nord gearbox spares,Gearbox Spare Parts,177394
MGM Varvel Brake Motor,Brake Motors,21078
AC Electric Motor,AC Motor,444
Motor Starter .,Motor Starter,33567
c&s dol starter 15hp,DOL Starter,26266
c&s dol starter 15hp near delhi,DOL Starter,26266
10w deep freezer motor,Freezer Motors,177394
bell crack assembly,Bell Housing,136623
Simensh Hp400 Rpm1440,Siemens Electric Motor,184089
StarDental Starter,Starters,7853
Start Dental Starter,Motor Starter,33567
Explosion Proof Electric Motor,Explosion Proof Motors,28119
Industrial dc motor,DC Motor,445
High Torque Square Geared Motor,High Torque Motor,30394
सर्वो मोटर सप्लायर,AC Servo Motor,14970
borewell 2h starter,Motor Starter,33567
SIEMENS SIMOTICS S-1FK2 SERVO MOTER 1FK2106-3AF11-1SA0 2.3 kW,Siemens Servo Motors,184102
Crompton Induction Motors,Crompton Induction Motors,203369
nema 17 0.9 degree,Stepper Motor,18794
ABB Auto- Lek Ail 94022 A Solenoid Switch,Starter Solenoid Switches,7852
Three phase,Three Phase Motor,2415
nema 17 0.9 degree 22mm lenth,Stepper Motor,18794
New Series Allen Bradley Soft Starter,Allen Bradley Soft Starters,220186
1 for business use piece ABB Soft Starters,ABB Soft Starters,220182
bolero ac motor,Single Phase Motors,9484
150c43nbd smc3 soft starter,Soft Starters,12256
lt mk1 dol motor starter,DOL Starter,26266
Eaton Orbital Motor,Orbital Motor,52919
automatic gate motor,Electric Sliding Gate Motor,52905
Door Motor .,Door Motor,52902
23a paramoon motor starter,Motor Starter,33567
electrical motor for boats,DC Motor,445
SIEMENS SIMOTICS S-1FK2  SERVO MOTOR 1FK2104-5AF00-1SB0 0.75 kW,Siemens Servo Motors,184102
Absolute Shaft Encoder,Shaft Encoder,44166
Permanent Magnet. tech,Permanent Magnet Motor,1275
INVT Servo Motor,AC Servo Motor,14970
1.5 KW Halcyon Three Phase Induction Motor,Three Phase Induction Motor,131725
5 sliding piece 800 kg Gate Motor,Electric Sliding Gate Motor,52905
Synchronous Transformer,Synchronous Motor,19685
FHP Motor,FHP Motor,446
5HP Single Phase Buffing Machine Motor,Single Phase Motors,9484
Motor Brakes,Motor Brakes,33323
1hp three phase ac vibration motor,Vibration Motor,2743
Explosion Proof Motors,Explosion Proof Motors,28119
Aei/Marathon Motor Brush Holder,Carbon Brush Holder,55772
75 Hp Induction Motor,Induction Motors,10971
Squirrel Cage Motors,Squirrel Cage Motors,38675
Pneumatic Diaphragm Actuator,Pneumatic Diaphragm Actuator,183587
3 phase motor starter oil free,3 Phase Motor Starter,226794
3 phase motor starter near jodhpur oil free,3 Phase Motor Starter,226794
12 Inch 3000W Scooter Brushless DC Wheel Hub Motor Controller,Hub Motor,65116
helical geared motor 2hp,Helical Geared Motor,43308
helical geared motor 2hp near hyderabad,Helical Geared Motor,43308
deep electricals vibrator motor,Vibration Motor,2743
Single Phase Digital Motor Starter,Single Phase Motor Starter,226793
motor starter spark,Motor Starter,33567
Copper Carbon Brush For Slipring Motor,Carbon Brush,903
750 rpm 1 0.18 kw marathon electric motor,Marathon Electric Motor,181116
Moving Magnetic Linear Motor,Linear Motor,17163
Abb Used Ac Motors,Used AC Motor,178664
5 In 1 Magic Brush,Electric Brushes,108128
Bonfiglioli A Series Gear Motor,Bonfiglioli Geared Motor,193153
Industrial Electric Motor,Industrial Motors,52915
High Speed Motor,High Speed Motor,30367
7.5 kw 10 hp havells induction motor,Havells Induction Motors,203374
Industrial%20Motors,Industrial Motors,52915
Industrial%20Electric Motor,Industrial Motors,52915
SIMOTICS 1FK7 1FK7043-4CH7 MOTER 1.2kW,Siemens Servo Motors,184102
electric motorized actuator,Electric Actuator,27216
armature of stanley sc-16,Armature,25
high power dc water motors project,High Voltage Motor,177165
high power dc water motors for project near badlapur,DC Motor,445
150HP 960 RPM ELECTRIC MOTOR,Crompton Greaves Motor,126348
30HP 960 RPM ELECTRIC MOTOR,Crompton Greaves Motor,126348
600 kg sliding gate motor,Gate Motor,29337
75HP Face Mounted Motor Marathon,Face Mounted Motor,177394
high power dc motors,High Power DC Motor,216767
Switch Reluctance Motor,Reluctance Motors,36192
Tower Fan Motor,Tower Fan Motor,443716
315 KW 1450 RPM ELECTEIC MOTOR,Three Phase Electric Motor,52930
SIMOTICS S synchronous motor 1FK7 1FK7081-3BF71-1QB1,Synchronous Motor,18917
SIMOTICS S synchronous motor 1FK7 1FK7081-3BF71-1RH1,Synchronous Motor,18917
three phase 1 piece 1 hp (0.75 kw) 1440 rpm 1.5 KW Sew Brake Motor,Brake Motors,21078
3 HP 3 Phase Induction Motor 100%copper Winding,Three Phase Induction Motor,131725
Refrigerator Motor,Refrigerator Motor,186074
220hp 960 rpm ELECTRIC MOTOR,Crompton Greaves Motor,126348
SIMOTICS S synchronous motor 1FK7- 1FK7103-3BC71-1QA1,Siemens Servo Motors,184102
SIMOTICS S Synchronous motor 1FK7 1FK7103-2AC71-1RH1,Synchronous Motor,18917
Face Mounted Motor marathon 75hp,Marathon Electric Motor,181116
Solenoid Switches,Solenoid Switches,7646
Linear Motor,Linear Motor,17163
200KW Flange Induction Motor,Induction Motors,10971
valve positioner,Valve Positioners,40629
rotex positioner,Valve Positioners,40629
AC Slip Ring Induction Motor,Slip Ring Motor,37228
4HP Single Phase Electric Motor 220-240V 50-60Hz for Air Compressor,Single Phase Electric Motor,52927
Crompton  1.5HP 2800RPM  Foot Mounted Motor,Foot Mounted Motor,177266
Vending machine parts geair motor DC,DC Geared Motor,25556
15 hp motor,Crompton Greaves Motor,126348
VSI motor,Vane Type Air Motors,84523
Indo Cooler Motor Silver line,Cooler Motor,52897
motor for toto,Replacement Motors,52891
Motor Lamination V-4,Motor Parts,150022
DANFOSS ACTUATOR AME435,Danfoss Actuators,208001
grinding-motor,Grinding Motor,106938
50 n 100 mm linear motor,Linear Motor,17163
Toy motor 3v,Toy Motor,39979
100 mm linear motor,Linear Motor,17163
Crompton Greaves 15HP 960RPM  Foot Mounted  Motor,Crompton Greaves Motor,126348
Crompton  2HP  2800RPM Flange Floor  Mounted  Motor,Crompton Greaves Motor,126348
solenoid switch parts,Solenoid Switch Parts,132955
Crompton  1 HP Mini Sergeant Motor,Crompton Motors,446133
1450 Rpm 1 Hp Motor Cg Make,Three Phase Induction Motor,131725
Motor Lamination V-4,Motor Parts,150022
Crompton  3HP 1440RPM  Foot Cum Flange Motor,Crompton Greaves Motor,126348
Stepper Motor Controller,Stepper Motor Controller,13374
kirloskar 10 hp 1440 rpm original motor,Kirloskar Electric Motor,185261
Single Phase Flange Mounted,Flange Motors,6408
PANASONIC MOTOR,Panasonic AC Servo Motor,187161
Worm Gearbox Motors,Worm Geared Motor,41500
Piston Nebulizer Motor,Piston Motor,105415
Motor Lamination V-6,Motor Parts,150022
Crompton 2HP  Flange Mounted  Motor,Crompton Greaves Motor,126348
mgm brake motors,Brake Motors,21078
Crompton Single Phase 0.5 HP Flange Motor,Crompton Greaves Motor,126348
CG Make 1hp 1440 rpm Flange Mounted Brake Motor,Brake Motors,21078
200HP Abb Induction Motor,ABB Induction Motor,193239
2800 rpm foot mounted abb electric motor,ABB Electric Motor,181114
Flameproof Dol Starter,DOL Starter,26266
Micromotor,DC Micromotors,25372
75 kw 100 hp induction motor,Induction Motors,10971
20hp Abb Induction Motor,ABB Induction Motor,193239
0.25 HP 1440RPM  Ft  Single Phase Double Shaft Motor,Double Shaft Motor,139590
Non Electric Motor,Non-Electric Motor,21680
crompton greaves motor kv ka motor dikhlayiye,Crompton Greaves Motor,126348
2800  rpm 4 foot  mounted abb electric motor,ABB Electric Motor,181114
2800  rpm 4 abb electric motor,ABB Electric Motor,181114
1 HP Texmo Taro Single Phase Motor Starter,Single Phase Motor Starter,226793
Nebulizer Compressor Motor,Nebulizer Motor,184102
0.75 KW Godrej 1158 1HP Electric Motor,Godrej Electric Motor,206364
gec 10 hp 960 rpm industrial motors,Three Phase Motor,2415
Linear Actuator Switch,Motor Automatic Switch,140407
730 Frame Slipring Induction Motor,Slip Ring Motor,37228
noortepar manufacturing plant,Motor,6652
TEFC Motor,TEFC Motor,2999
1hp single phase ac motor,Single Phase Motors,9484
Motor Lamination V-3 70-41-22,Motor Laminations,150167
screed vibrator motor,Concrete Vibrator Motor,184082
godrej lawkim motor lk 4250,Godrej Lawkim Motors,206364
Godrej Lawkim Motor LK-4250,Godrej Lawkim Industrial Motors,203174
ABB 200HP Induction Motor,ABB Induction Motor,193239
High Voltage Closed Air Circuit Air Cooled TP Series Vertical Mounting Induction Motors,High Voltage Motor,177165
Kenstar Motor Rotor Armature,Motor Armature,167444
Fire Safety Solenoid,Solenoid Switches,7646
Induction Brake And Motor 3Hp to 100 HP,Brake Motors,21078
Printer Solenoid Switch,Solenoid Switches,7646
Mini Solenoid Switches,Solenoid Switches,7646
